"ID","HistoricalID","FirstName","LastName","Name","Height","Weight","Age","BirthMonth","BirthDay","BirthYear","CurrentLeague","CurrentLeagueID","CurrentTeam","CurrentTeamID","ContractTeam","ContractTeamID","DlgTeam","DlgTeamID","Injury","TimeInjured","Inactive","PositionNumber","Experience","College","City","State","Greed","Happiness","Loyalty","Winner","InsideScoring","JumpShot","FreeThrowShot","ThreePointShot","Handling","Passing","OffensiveRebounding","DefensiveRebounding","PostDefense","PerimeterDefense","Stealing","ShotBlocking","Quickness","Strength","Stamina","Jumping","Pot_Inside","Pot_Jumpshot","Pot_FreeThrow","Pot_3pShot","Pot_Handling","Pot_Passing","Pot_ORebounding","Pot_DRebounding","Pot_PostDefense","Pot_PerimeterDefense","Pot_Stealing","Pot_Blocking","CurrentRating","FutureRating","OverallRating","OverallPotential","Championships","PlayerOfGame","PlayerOfWeek","PlayerOfMonth","Contract1","Contract2","Contract3","Contract4","Contract5","Contract6","Contract7","Contract8","OptionType1","OptionType2","OptionType3","OptionType4","OptionType5","OptionType6","OptionType7","OptionType8","BirdYears"
"41","","Chris","Harper","Chris Harper","87","229","12","6","15","2004","USDL","1","Rio Grand Valley","14","Rio Grand Valley","14","N/A","0","","0","False","2","1","Villanova","Old Town","ME","71","20","3","49","31","25","50","0","6","0","7","19","12","9","10","13","25","77","66","65","C","D","B","F","F","F","F","D","D","F","F","F","F","D","49","60","0","2","0","0","23781","24660","25539","26417","0","0","0","0","0","0","0","0","0","0","0","0","0"
"42","","Billie","Holmes","Billie Holmes","83","237","14","3","1","2003","USDL","1","Rio Grand Valley","14","Rio Grand Valley","14","N/A","0","Bruised Hip","0","False","1","5","Mississippi","Tupelo","MS","29","47","20","12","24","26","57","0","40","24","26","72","43","4","25","36","21","57","67","37","D","D","B","F","C","D","D","B","C","F","D","D","D","D","71","74","0","10","1","0","250000","270000","290000","310000","330000","350000","0","0","0","0","0","0","0","0","0","0","0"
"43","","Merle","Andrews","Merle Andrews","85","244","34","7","23","1982","USDL","1","Toronto","21","Toronto","21","N/A","0","Dislocated Shoulder","33","True","1","12","Louisiana-Monroe","Conway","AR","25","31","54","98","21","40","37","10","24","0","31","42","55","17","25","59","6","53","6","21","D","C","C","F","D","F","D","C","B","F","D","B","D","D","64","74","1","2","0","0","307693","0","0","0","0","0","0","0","0","0","0","0","0","0","0","0","4"
"44","","Vilem","Kohout","Vilem Kohout","83","220","20","6","8","1996","USDL","1","Draft","-2","Draft","-2","N/A","0","","0","False","1","0","None","Prague","Czech Republic","3","94","28","65","12","8","49","0","12","2","26","5","10","3","7","1","6","72","22","20","D","F","C","F","D","F","C","F","F","F","F","F","F","F","26","38","0","0","0","0","0","0","0","0","0","0","0","0","0","0","0","0","0","0","0","0","0"
"45","","Cyrus","Perez","Cyrus Perez","85","253","26","3","21","1991","USDL","1","Idaho","9","Idaho","9","N/A","0","Inflamed Appendix","0","False","1","7","Stanford","San Jose","CA","69","21","73","55","29","37","31","0","17","11","14","8","61","5","7","53","22","82","27","50","D","C","D","F","D","F","F","F","B","F","F","B","D","D","61","65","0","4","0","0","185501","208689","231876","255064","0","0","0","0","0","0","0","0","0","0","0","0","1"
"46","","Kenny","Marra","Kenny Marra","78","198","21","12","1","1995","USDL","1","Draft","-2","Draft","-2","N/A","0","","0","False","4","0","Butler","North Bibb","AL","83","70","92","87","24","15","42","7","36","22","8","5","9","53","5","8","61","48","48","45","D","D","C","F","C","D","F","F","F","C","F","F","F","F","42","47","0","0","0","0","0","0","0","0","0","0","0","0","0","0","0","0","0","0","0","0","0"
"47","","David","Mitchell","David Mitchell","86","249","25","8","22","1991","USDL","1","Los Angeles","11","Los Angeles","11","N/A","0","","0","True","1","5","Creighton","Chaska","MN","44","72","89","95","4","21","48","0","11","9","13","17","10","5","6","18","15","57","51","59","F","D","C","F","D","F","D","D","D","F","F","D","F","F","36","50","0","0","0","0","14100","0","0","0","0","0","0","0","0","0","0","0","0","0","0","0","0"
"48","","Feodor","Belyakova","Feodor Belyakova","82","237","27","1","12","1990","USDL","1","Fort Wayne","8","Fort Wayne","8","N/A","0","","0","False","1","4","None","Blagoveshchensk","Russia","64","2","49","8","8","11","41","0","16","7","12","43","19","7","11","43","13","66","56","63","F","F","C","F","F","F","F","C","D","F","F","C","F","F","49","52","0","0","0","0","13500","0","0","0","0","0","0","0","0","0","0","0","0","0","0","0","0"
"49","","Larry","Mundell","Larry Mundell","82","251","36","5","16","1980","USDL","1","Erie","7","Erie","7","N/A","0","","0","False","1","14","Arizona","Mesa","AZ","59","2","12","78","39","26","32","0","21","21","11","26","27","24","15","25","6","61","2","20","C","D","D","F","D","D","F","D","D","D","F","D","F","F","41","46","0","0","0","0","23800","0","0","0","0","0","0","0","0","0","0","0","0","0","0","0","0"
"50","","Charles","Estrada","Charles Estrada","86","266","22","5","25","1994","USDL","1","Rio Grand Valley","14","Rio Grand Valley","14","N/A","0","Blurred Vision","0","False","1","2","Oklahoma","Wilburton","OK","41","2","36","89","40","5","33","0","9","8","24","10","38","6","8","24","2","77","38","19","C","F","D","F","F","F","D","F","C","F","F","D","F","D","50","65","0","0","0","0","24079","27089","30099","0","0","0","0","0","0","0","0","0","0","0","0","0","1"
"51","","Eric","Tsai","Eric Tsai","86","228","32","12","16","1984","USDL","1","Santa Cruz","15","Santa Cruz","15","N/A","0","Hyperextended Knee","0","False","1","11","Navy","St. Charles","MD","28","2","31","37","13","10","43","0","14","5","43","52","51","7","1","26","2","47","11","16","F","F","C","F","F","F","C","C","C","F","F","D","F","D","56","60","0","1","0","0","259701","0","0","0","0","0","0","0","0","0","0","0","0","0","0","0","0"
"52","","Bo","Pratt","Bo Pratt","79","209","21","7","14","1995","USDL","1","Draft","-2","Draft","-2","N/A","0","","0","False","3","0","Kansas","Concord","MO","72","50","94","32","1","40","51","18","24","17","5","18","19","36","10","16","45","34","52","54","F","C","C","D","D","D","F","D","D","C","F","F","F","F","41","52","0","0","0","0","0","0","0","0","0","0","0","0","0","0","0","0","0","0","0","0","0"
"53","","Kevin","Weaver","Kevin Weaver","82","243","26","1","31","1991","USDL","1","Canton","6","Canton","6","N/A","0","","0","True","1","2","Kansas State","Allen","TX","59","47","48","94","13","11","45","0","22","5","8","6","21","4","6","25","10","71","17","38","D","F","C","F","D","F","F","F","D","F","F","D","F","F","31","39","0","0","0","0","0","0","0","0","0","0","0","0","0","0","0","0","0","0","0","0","0"
"54","","Andrew","Richardson","Andrew Richardson","83","241","33","10","6","1983","USDL","1","Los Angeles","11","Los Angeles","11","N/A","0","","0","False","1","12","Fresno State","Moreno Valley","CA","2","27","62","45","4","26","9","19","20","8","41","21","41","9","8","17","4","65","52","37","F","D","F","D","D","F","C","D","C","F","F","F","F","F","48","50","0","1","0","0","140458","158015","175572","193130","0","0","0","0","0","0","0","0","0","0","0","0","3"
"55","","Ervin","Henderson","Ervin Henderson","84","260","28","10","12","1988","USDL","1","Grand Rapids","19","Grand Rapids","19","N/A","0","","0","False","1","8","Kansas","Schuyler","NE","19","8","52","74","20","37","56","0","45","18","14","12","26","6","6","20","1","65","23","23","D","C","B","F","C","F","F","F","D","F","F","D","F","F","39","42","0","0","0","0","18500","0","0","0","0","0","0","0","0","0","0","0","0","0","0","0","0"
"56","","Tony","Thompson","Tony Thompson","82","272","32","11","19","1984","USDL","1","Santa Cruz","15","Santa Cruz","15","N/A","0","Fractured Nose","0","False","2","8","Syracuse","Fairborn","OH","57","16","1","99","26","3","31","7","12","2","11","22","41","4","41","46","13","70","34","38","D","F","D","F","F","F","F","D","C","F","C","C","F","F","51","54","0","2","0","0","175382","0","0","0","0","0","0","0","0","0","0","0","0","0","0","0","5"
"57","","Francisek","Baraga","Francisek Baraga","84","242","29","2","25","1988","USDL","1","Los Angeles","11","Los Angeles","11","N/A","0","Broken Finger","0","False","1","8","None","Ljubljana","Slovenia","29","12","26","44","3","7","34","0","34","20","8","30","64","4","2","41","19","54","70","53","F","F","D","F","D","D","F","D","B","F","F","C","D","D","60","62","0","0","0","0","231890","255079","278268","301457","324646","347835","0","0","0","0","0","0","0","0","0","0","2"
"58","","Sherman","White","Sherman White","83","218","21","9","16","1995","USDL","1","Reno","13","Reno","13","N/A","0","Inflamed Appendix","0","False","2","1","Northern Arizona","Chino Hills","CA","74","46","12","11","11","16","52","0","29","10","34","18","47","17","8","37","18","53","28","51","F","D","B","F","D","F","D","D","C","D","F","D","F","F","51","54","0","1","0","0","26506","29157","31807","34458","0","0","0","0","0","0","0","0","0","0","0","0","0"
"59","","Zacarías","Criville","Zacarías Criville","85","243","32","10","10","1984","USDL","1","Fort Wayne","8","Fort Wayne","8","N/A","0","Fractured Nose","0","False","2","9","Stephen F. Austin","Durant","OK","2","35","95","31","1","19","45","0","18","5","67","30","40","2","19","41","29","37","68","40","F","D","C","F","F","F","B","D","C","F","D","C","F","F","58","59","0","2","0","0","0","0","0","0","0","0","0","0","0","0","0","0","0","0","0","0","0"
"60","","Justin","Falco","Justin Falco","82","238","28","5","4","1988","USDL","1","Idaho","9","Idaho","9","N/A","0","Broken Ankle","0","False","2","10","Morgan State","Bowie","MD","14","6","70","80","20","56","41","0","2","18","21","0","35","11","4","38","30","51","61","32","D","B","C","F","F","F","D","F","D","F","F","C","F","F","44","45","0","0","0","0","23000","0","0","0","0","0","0","0","0","0","0","0","0","0","0","0","0"
"61","","Haywood","Smith","Haywood Smith","87","230","26","2","21","1991","USDL","1","Delaware","18","Delaware","18","N/A","0","","0","False","1","6","UCLA","Murrieta","CA","56","2","57","55","4","26","34","0","19","9","27","10","50","9","13","16","13","74","53","62","F","D","D","F","D","F","D","F","C","F","F","F","F","F","51","54","0","0","0","0","74102","79899","85697","0","0","0","0","0","0","0","0","0","0","0","0","0","4"
"62","","Tuan","Green","Tuan Green","83","250","23","9","5","1993","USDL","1","Maine","12","Maine","12","N/A","0","","0","False","1","2","Kansas","Brownsburg","IN","80","6","95","44","9","14","45","0","28","9","15","14","41","20","5","30","9","36","60","27","F","F","C","F","D","F","F","F","C","D","F","D","F","F","41","45","0","0","0","0","11100","0","0","0","0","0","0","0","0","0","0","0","0","0","0","0","0"
"63","","Rusty","Barton","Rusty Barton","83","227","23","9","30","1993","USDL","1","Reno","13","Reno","13","N/A","0","","0","True","1","0","Oklahoma","Mansfield","AR","51","59","58","89","5","4","29","0","9","2","9","8","24","0","1","9","7","66","22","30","F","F","D","F","F","F","D","F","C","F","F","F","F","F","27","42","0","0","0","0","7600","0","0","0","0","0","0","0","0","0","0","0","0","0","0","0","0"
"64","","Delbert","Benjamin","Delbert Benjamin","82","273","25","11","7","1991","USDL","1","Sioux Falls","16","Sioux Falls","16","N/A","0","Broken Nose","0","False","1","5","Illinois","New York","NY","37","22","60","24","12","19","30","0","10","8","48","40","31","4","5","7","19","62","51","48","F","D","D","F","F","F","C","C","D","F","F","F","F","F","48","56","0","0","0","0","100327","110360","0","0","0","0","0","0","0","0","0","0","0","0","0","0","4"
"83","","Kenneth","Rodriguez","Kenneth Rodriguez","83","248","32","3","1","1985","USDL","1","Bakersfield","5","Bakersfield","5","N/A","0","","0","False","2","10","San Diego","Bakersfield","CA","79","10","45","31","6","27","27","0","17","4","31","42","20","12","22","22","35","57","68","82","F","D","D","F","F","F","D","C","D","F","D","D","F","F","54","55","0","2","0","0","0","0","0","0","0","0","0","0","0","0","0","0","0","0","0","0","0"
"84","","Benton","Morton","Benton Morton","84","248","24","11","15","1992","USDL","1","Idaho","9","Idaho","9","N/A","0","Jammed Finger","0","False","1","1","Duke","Jacksonville","FL","23","30","53","37","9","8","32","0","7","6","16","44","25","5","20","27","2","71","8","39","F","F","D","F","F","F","F","C","D","F","D","D","F","F","46","55","0","1","0","0","13315","14979","16644","0","0","0","0","0","0","0","0","0","0","0","0","0","0"
"85","","Oscar","Vaughan","Oscar Vaughan","84","240","27","2","11","1990","USDL","1","Fort Wayne","8","Fort Wayne","8","N/A","0","","0","False","1","3","Cal State Fullerton","Cudahy","CA","70","2","14","97","31","48","62","0","48","8","34","8","20","7","17","30","21","66","34","60","D","C","B","F","C","F","D","F","D","F","D","D","F","F","52","55","0","5","1","0","37108","38971","0","0","0","0","0","0","0","0","0","0","0","0","0","0","2"
"86","","James","Alessi","James Alessi","84","242","30","5","16","1986","USDL","1","Erie","7","Erie","7","N/A","0","Dislocated Shoulder","6","False","1","8","Utah","Visalia","CA","19","15","91","22","12","15","34","0","1","3","23","15","45","6","3","54","17","43","39","68","F","F","C","F","F","F","D","F","C","F","F","C","F","F","54","59","0","0","0","0","211985","221722","231459","241196","0","0","0","0","0","0","0","0","0","0","0","0","0"
"87","","Carlo","Santos","Carlo Santos","84","253","21","10","16","1995","USDL","1","FA","-1","FA","-1","N/A","0","","0","True","1","0","Washington","McKinleyville","CA","49","51","34","3","8","12","46","0","15","7","10","10","11","7","19","14","8","56","46","27","F","F","C","F","F","F","F","F","F","F","D","D","F","F","30","36","0","0","0","0","0","0","0","0","0","0","0","0","0","0","0","0","0","0","0","0","0"
"88","","Miro","Mankoc","Miro Mankoc","85","236","33","4","24","1983","USDL","1","Fort Wayne","8","Fort Wayne","8","N/A","0","","0","False","1","11","None","Kranj","Slovenia","87","15","45","82","6","40","59","0","6","9","33","16","58","1","18","18","29","58","72","68","F","C","B","F","F","F","D","F","B","F","F","D","F","D","59","62","0","9","0","0","295308","307413","319518","331623","0","0","0","0","0","0","0","0","0","0","0","0","1"
"89","","Robert","Perez","Robert Perez","86","239","28","5","25","1988","USDL","1","Texas","17","Texas","17","N/A","0","","0","False","1","9","Jacksonville State","San Bernardino","CA","56","31","50","79","8","26","57","0","15","13","4","44","66","6","9","48","6","69","51","22","F","D","C","F","F","F","F","C","B","F","F","C","D","D","62","63","0","0","0","0","245159","259711","0","0","0","0","0","0","0","0","0","0","0","0","0","0","2"
"90","","Tobias","Jenkins","Tobias Jenkins","84","228","17","12","1","1999","USDL","1","Iowa","10","Iowa","10","N/A","0","","0","True","1","1","Northern Iowa","Joliet","IL","36","41","73","71","5","10","47","0","12","17","12","18","12","8","2","11","42","48","57","52","F","F","C","F","D","D","D","D","D","F","F","F","F","F","35","43","0","0","0","0","7600","0","0","0","0","0","0","0","0","0","0","0","0","0","0","0","0"
"91","","Hubert","Taylor","Hubert Taylor","86","240","31","6","2","1985","USDL","1","Toronto","21","Toronto","21","N/A","0","","0","False","2","8","New Mexico","Shiprock","NM","41","33","41","22","5","33","55","0","14","12","36","18","69","10","12","65","4","59","24","23","F","D","B","F","F","F","D","D","B","F","F","B","F","D","59","61","1","7","0","0","231890","244541","257191","269842","282493","0","0","0","0","0","0","0","0","0","0","0","7"
"65","","Kendrick","Madden","Kendrick Madden","83","244","30","12","13","1986","USDL","1","Erie","7","Erie","7","N/A","0","","0","False","1","11","Providence","Evansburg","PA","38","32","49","81","37","13","35","0","16","13","48","22","13","0","7","36","6","68","28","48","D","F","C","F","F","F","C","D","F","F","F","D","F","F","51","53","0","0","1","0","185540","186412","187284","188156","0","0","0","0","0","0","0","0","0","0","0","0","6"
"66","","Ray","Lewis","Ray Lewis","83","238","24","1","18","1993","USDL","1","Sioux Falls","16","Sioux Falls","16","N/A","0","","0","False","1","2","Northern Arizona","Belmont","CA","74","26","44","89","10","21","45","0","9","2","7","18","38","4","6","21","20","41","58","77","F","D","C","F","F","F","F","D","C","F","F","D","F","F","46","51","0","0","0","0","0","0","0","0","0","0","0","0","0","0","0","0","0","0","0","0","0"
"67","","Donte","Dalrymple","Donte Dalrymple","85","233","31","6","12","1985","USDL","1","Delaware","18","Delaware","18","N/A","0","Stiff Neck","0","False","1","11","Nebraska","Springfield","IL","2","49","6","42","15","33","56","0","20","15","47","25","33","1","25","42","5","50","16","39","F","D","B","F","D","F","C","D","D","F","D","C","F","F","52","56","0","9","0","0","64818","70003","75189","0","0","0","0","0","0","0","2","0","0","0","0","0","0"
"68","","Eutropio","Francia","Eutropio Francia","84","233","33","6","27","1983","USDL","1","Oklahoma City","20","Oklahoma City","20","N/A","0","Broken Nose","0","False","1","13","Auburn","Pinewood","FL","86","2","37","76","8","10","39","0","10","5","48","37","38","9","10","15","1","75","13","56","F","F","C","F","F","F","C","C","D","F","F","D","F","F","54","57","0","0","0","0","247316","0","0","0","0","0","0","0","0","0","0","0","0","0","0","0","2"
"69","","Scott","Roberts","Scott Roberts","86","235","28","2","7","1989","USDL","1","Westchester","22","Westchester","22","N/A","0","","0","False","1","5","Michigan State","Philadelphia","PA","9","2","79","77","6","35","59","0","14","4","34","7","29","12","13","27","0","74","31","23","F","D","B","F","F","F","C","F","D","F","F","D","F","F","39","41","0","1","0","0","14100","0","0","0","0","0","0","0","0","0","0","0","0","0","0","0","0"
"70","","John","Hart","John Hart","90","214","28","10","21","1988","USDL","1","FA","-1","FA","-1","N/A","0","","0","True","1","5","Stanford","Tacoma","WA","1","61","100","97","21","15","12","0","19","9","14","10","35","7","8","12","21","54","31","49","D","D","F","F","D","F","F","F","D","F","F","F","F","F","42","43","0","0","0","0","0","0","0","0","0","0","0","0","0","0","0","0","0","0","0","0","0"
"71","","Elliott","Horn","Elliott Horn","83","226","19","11","12","1997","USDL","1","Draft","-2","Draft","-2","N/A","0","","0","False","1","0","Arizona State","Summit","AZ","72","15","35","77","7","3","34","0","9","3","2","19","9","2","8","13","27","65","63","86","D","F","D","F","D","F","F","C","F","F","F","C","F","F","39","59","0","0","0","0","0","0","0","0","0","0","0","0","0","0","0","0","0","0","0","0","0"
"72","","Lonnie","Orth","Lonnie Orth","84","256","31","10","5","1985","USDL","1","FA","-1","FA","-1","N/A","0","","0","False","1","10","Michigan","Sterling Heights","MI","94","69","97","39","17","4","31","0","12","23","5","10","37","4","20","29","1","49","28","19","F","F","D","F","F","D","F","F","C","F","D","D","F","F","38","41","0","0","0","0","0","0","0","0","0","0","0","0","0","0","0","0","0","0","0","0","0"
"73","","Daniel","Small","Daniel Small","83","285","28","7","16","1988","USDL","1","Reno","13","Reno","13","N/A","0","Broken Finger","0","False","1","10","None","Perth","Australia","63","2","80","78","35","7","27","0","40","7","38","7","34","14","13","34","7","68","28","20","D","F","D","F","C","F","C","F","D","F","F","D","F","F","47","51","0","0","0","0","88923","95629","102334","0","0","0","0","0","0","0","0","0","0","0","0","0","4"
"74","","Patrick","Thompson","Patrick Thompson","81","238","30","10","15","1986","USDL","1","Grand Rapids","19","Grand Rapids","19","N/A","0","Bruised Cheekbone","0","False","2","7","Hawaii","Haiku-Pauwela","HI","40","23","65","76","10","27","60","0","44","16","60","23","74","8","8","38","2","44","32","33","F","D","B","F","C","F","B","D","B","F","F","C","F","F","54","58","0","5","0","0","179972","0","0","0","0","0","0","0","0","0","0","0","0","0","0","0","6"
"75","","Mason","Adams","Mason Adams","80","239","36","11","1","1980","USDL","1","Oklahoma City","20","Oklahoma City","20","N/A","0","","0","False","2","16","Morehead State","Bellevue","KY","23","2","80","35","31","7","30","1","13","7","33","34","9","7","12","56","5","69","13","37","D","F","D","F","F","F","D","D","F","F","F","B","F","F","43","44","0","0","0","0","23800","0","0","0","0","0","0","0","0","0","0","0","0","0","0","0","0"
"76","","Godzimir","Veselica","Godzimir Veselica","84","243","21","4","28","1995","USDL","1","Draft","-2","Draft","-2","N/A","0","","0","False","1","0","None","Bjelovar","Croatia","12","26","27","4","1","11","53","0","17","5","3","4","29","5","6","7","1","47","16","19","F","D","C","F","D","F","F","F","C","F","F","D","F","F","24","38","0","0","0","0","0","0","0","0","0","0","0","0","0","0","0","0","0","0","0","0","0"
"77","","Jaime","Jones","Jaime Jones","85","260","26","6","15","1990","USDL","1","Canton","6","Canton","6","N/A","0","Severe Migraines","0","False","1","4","Minnesota","Appleton","WI","62","16","56","93","13","16","53","0","15","7","10","28","24","1","1","46","10","66","35","50","F","D","C","F","D","F","F","D","D","F","F","C","F","F","49","53","0","0","0","0","20250","0","0","0","0","0","0","0","0","0","0","0","0","0","0","0","3"
"78","","Shannon","Monte","Shannon Monte","74","225","20","8","15","1996","USDL","1","Draft","-2","Draft","-2","N/A","0","","0","False","4","0","Manhattan","New York","NY","84","17","59","16","0","18","74","0","8","5","2","5","4","6","16","2","78","78","65","34","F","C","B","F","F","F","F","F","F","F","C","F","F","F","23","36","0","0","0","0","0","0","0","0","0","0","0","0","0","0","0","0","0","0","0","0","0"
"79","","Kevin","Davis","Kevin Davis","85","248","34","3","14","1983","USDL","1","Delaware","18","Delaware","18","N/A","0","","0","False","1","10","Cincinnati","Chicago","IL","31","41","22","1","39","8","31","1","7","7","37","25","51","21","18","64","21","66","50","41","C","F","D","F","F","F","D","D","C","D","F","B","D","D","71","74","0","10","1","0","0","0","0","0","0","0","0","0","0","0","0","0","0","0","0","0","0"
"80","","Emmitt","Bowman","Emmitt Bowman","84","244","27","7","24","1989","USDL","1","Iowa","10","Iowa","10","N/A","0","","0","False","1","8","Louisiana Tech","Timberlane","LA","69","17","15","62","16","35","68","0","14","4","13","31","30","3","19","16","9","80","37","22","D","C","B","F","F","F","F","D","D","F","D","F","F","F","46","50","0","3","0","0","88923","100038","0","0","0","0","0","0","0","0","0","0","0","0","0","0","6"
"81","","Hugo","Harris","Hugo Harris","83","245","20","12","28","1996","USDL","1","Draft","-2","Draft","-2","N/A","0","","0","False","1","0","Davidson","Philadelphia","PA","97","53","3","72","12","8","43","0","11","4","22","26","14","5","5","12","19","71","49","34","D","F","C","F","F","F","D","C","D","F","F","D","F","F","38","56","0","0","0","0","0","0","0","0","0","0","0","0","0","0","0","0","0","0","0","0","0"
"82","","Robert","Wilkins","Robert Wilkins","83","256","22","5","15","1994","USDL","1","Toronto","21","Toronto","21","N/A","0","","0","False","1","1","Maryland","Halfway","MD","25","2","70","60","28","20","43","0","14","3","11","32","25","13","13","22","6","64","5","41","C","D","C","F","D","F","F","D","D","D","D","D","F","F","44","58","1","0","0","0","8335","11100","0","0","0","0","0","0","0","0","0","0","0","0","0","0","0"
"92","","William","Eversole","William Eversole","84","230","21","7","5","1995","USDL","1","Draft","-2","Draft","-2","N/A","0","","0","False","1","0","Auburn","New York","NY","39","100","20","42","23","31","16","0","9","3","17","19","13","12","9","20","39","68","74","53","D","D","F","F","F","F","F","D","F","F","F","D","F","F","47","56","0","0","0","0","0","0","0","0","0","0","0","0","0","0","0","0","0","0","0","0","0"
"93","","Daniel","Martinez","Daniel Martinez","84","246","33","7","3","1983","USDL","1","Texas","17","Texas","17","N/A","0","","0","False","1","14","Austin Peay","Garland","TX","15","7","79","14","16","30","57","0","9","6","27","13","63","17","11","14","1","66","13","26","F","D","B","F","F","F","D","F","B","F","F","F","F","F","49","50","0","1","0","0","204613","206260","0","0","0","0","0","0","0","0","0","0","0","0","0","0","4"
"94","","Ollie","Flowers","Ollie Flowers","84","234","30","4","7","1987","USDL","1","Canton","6","Canton","6","N/A","0","Jammed Finger","0","False","1","11","Villanova","New Castle","PA","68","25","97","62","14","10","39","0","33","6","41","15","41","4","10","25","15","75","55","48","F","F","C","F","D","F","C","F","C","F","F","D","F","F","55","59","0","3","0","0","225419","236538","0","0","0","0","0","0","0","0","0","0","0","0","0","0","0"
"95","","Eugenio","Hall","Eugenio Hall","83","214","25","5","10","1991","USDL","1","Sioux Falls","16","Sioux Falls","16","N/A","0","Severe Migraines","0","False","1","2","St. Francis-NY","Manchester","NH","1","2","53","57","20","20","45","0","29","13","14","26","38","4","4","24","5","64","44","35","D","D","C","F","D","F","F","D","D","F","F","D","F","F","48","50","0","0","0","0","24079","27089","30099","0","0","0","0","0","0","0","0","0","0","0","0","0","1"
"96","","Roy","Roberts","Roy Roberts","85","228","25","1","13","1992","USDL","1","Bakersfield","5","Bakersfield","5","N/A","0","","0","False","1","2","Southern Illinois","Benavides","TX","80","33","17","71","37","5","32","0","16","3","3","12","56","2","15","32","7","47","40","28","C","F","D","F","D","F","F","F","B","F","D","D","F","D","52","64","0","0","0","0","0","0","0","0","0","0","0","0","0","0","0","0","0","0","0","0","0"
"97","","Ratibor","Babich","Ratibor Babich","83","246","24","2","12","1993","USDL","1","Westchester","22","Westchester","22","N/A","0","","0","False","1","1","None","Krizevci","Croatia","49","43","96","23","4","13","46","0","10","1","14","16","30","4","5","24","17","59","34","62","F","D","C","F","D","F","D","D","C","F","F","D","F","F","40","52","0","2","0","0","7600","11100","0","0","0","0","0","0","0","0","0","0","0","0","0","0","0"
"98","","Andy","Irwin","Andy Irwin","81","234","35","3","2","1982","USDL","1","FA","-1","FA","-1","N/A","0","","0","False","1","14","Colgate","Bridgeport","PA","32","28","100","97","7","15","43","0","7","1","20","52","28","3","13","26","8","71","37","25","F","F","C","F","F","F","D","C","D","F","F","D","F","F","43","44","0","0","0","0","0","0","0","0","0","0","0","0","0","0","0","0","0","0","0","0","0"
"99","","Joe","Scott","Joe Scott","84","258","25","12","13","1991","USDL","1","Grand Rapids","19","Grand Rapids","19","N/A","0","Sprained Knee","0","False","1","3","Cal State Bakersfield","Sunnyvale","CA","92","21","27","36","19","6","37","0","12","5","23","17","51","7","35","32","13","59","17","53","D","F","C","F","D","F","D","D","B","F","C","C","F","D","54","76","0","0","0","0","33293","37455","0","0","0","0","0","0","0","0","0","0","0","0","0","0","2"
"100","","James","Sabin","James Sabin","83","229","25","4","26","1991","USDL","1","Iowa","10","Iowa","10","N/A","0","Inflamed Appendix","0","False","1","7","Oklahoma State","Taylorsville","UT","47","35","90","56","18","31","34","0","25","6","48","30","33","6","13","7","27","46","72","52","D","C","C","F","D","F","C","C","C","F","F","F","F","D","53","60","0","4","1","0","132528","141052","149576","158101","0","0","0","0","0","0","0","0","0","0","0","0","3"
"101","","Antione","Garcia","Antione Garcia","84","249","29","6","6","1987","USDL","1","Westchester","22","Westchester","22","N/A","0","","0","False","1","10","None","Sunnyvale","CA","30","17","67","73","14","15","28","0","5","2","9","37","69","23","9","19","1","70","49","38","F","F","D","F","F","F","F","D","B","D","F","D","D","D","60","62","0","0","0","0","245159","0","0","0","0","0","0","0","0","0","0","0","0","0","0","0","0"
"102","","John","Smith","John Smith","83","238","24","6","6","1992","USDL","1","Sioux Falls","16","Sioux Falls","16","N/A","0","Sprained Knee","0","False","1","1","Green Bay","Duluth","MN","21","40","80","13","21","7","43","0","18","11","49","34","31","6","5","1","11","53","21","46","D","F","C","F","D","F","B","C","C","F","F","F","F","D","48","63","0","0","0","0","13315","14543","15770","0","0","0","0","0","0","0","0","0","0","0","0","0","0"
"103","","Ward","Miller","Ward Miller","84","230","23","2","28","1994","USDL","1","Bakersfield","5","Bakersfield","5","N/A","0","","0","False","1","1","Michigan State","Deltona","FL","46","39","60","76","9","6","39","0","1","4","22","54","16","10","4","8","40","60","88","58","F","F","C","F","F","F","C","B","D","F","F","F","F","D","54","73","0","0","0","0","23781","23832","23883","23935","0","0","0","0","0","0","0","0","0","0","0","0","0"
"104","","Loren","Kieffer","Loren Kieffer","81","222","22","4","13","1995","USDL","1","Westchester","22","Westchester","22","N/A","0","","0","False","2","1","Washington","San Jose","CA","75","2","6","46","5","13","59","0","7","4","12","10","7","14","17","9","39","72","71","49","F","D","B","F","F","F","D","D","F","D","D","F","F","F","34","46","0","0","0","0","7600","11100","0","0","0","0","0","0","0","0","0","0","0","0","0","0","0"
"105","","August","Brown","August Brown","73","191","21","4","11","1996","USDL","1","Draft","-2","Draft","-2","N/A","0","","0","False","5","0","Saint Mary's","Los Angeles","CA","3","1","15","24","17","42","75","45","6","5","1","5","4","24","52","2","86","40","77","69","D","B","A","C","F","F","F","F","F","D","C","F","F","D","54","67","0","0","0","0","0","0","0","0","0","0","0","0","0","0","0","0","0","0","0","0","0"
"106","","Stanford","Wynne","Stanford Wynne","83","225","31","11","28","1985","USDL","1","Grand Rapids","19","Grand Rapids","19","N/A","0","Sprained Ankle","0","False","1","10","Texas Tech","Cut Off","LA","52","16","45","2","8","17","49","28","20","8","48","27","31","3","14","47","12","36","57","16","F","F","C","D","D","F","C","D","D","F","F","C","F","F","51","54","0","2","0","0","175382","186839","0","0","0","0","0","0","0","0","0","0","0","0","0","0","4"
"107","","Forrest","Calvo","Forrest Calvo","80","235","27","6","24","1989","USDL","1","Erie","7","Erie","7","N/A","0","","0","False","2","8","Nebraska","Pierce","NE","38","15","87","16","13","50","73","0","12","4","1","26","20","2","8","8","22","64","40","34","F","B","A","F","F","F","F","D","D","F","F","F","F","F","38","45","0","0","0","0","29618","33320","0","0","0","0","0","0","0","0","0","0","0","0","0","0","1"
"108","","Graig","Compton","Graig Compton","86","215","19","9","7","1997","USDL","1","Draft","-2","Draft","-2","N/A","0","","0","False","1","0","Brigham Young","Santa Barbara","CA","13","52","11","96","1","5","39","0","5","2","4","13","9","2","3","8","8","61","31","31","F","F","D","F","F","F","F","D","F","F","F","F","F","F","24","35","0","0","0","0","0","0","0","0","0","0","0","0","0","0","0","0","0","0","0","0","0"
"109","","Lester","Fagan","Lester Fagan","81","212","26","12","18","1990","USDL","1","Canton","6","Canton","6","N/A","0","","0","False","2","3","Virginia","Laurel Park","VA","3","7","22","81","21","7","31","0","22","5","8","27","29","13","9","27","17","49","55","31","D","F","D","F","D","F","F","D","D","F","F","D","F","F","40","42","0","0","0","0","12900","14512","0","0","0","0","0","0","0","0","0","0","0","0","0","0","2"
"110","","Joel","Lee","Joel Lee","82","243","25","3","17","1992","USDL","1","FA","-1","FA","-1","N/A","0","","0","True","2","5","Purdue","Hackensack","NJ","64","73","67","7","12","22","58","0","18","4","27","13","26","1","1","10","14","49","29","42","F","D","C","F","D","F","D","F","D","F","F","F","F","F","34","41","0","0","0","0","0","0","0","0","0","0","0","0","0","0","0","0","0","0","0","0","0"
"111","","Sabastian","Murga","Sabastian Murga","81","217","36","8","23","1980","USDL","1","Canton","6","Canton","6","N/A","0","","0","False","1","14","None","Lárisa","Greece","70","9","38","45","16","38","52","0","35","14","24","35","28","13","7","37","24","60","42","38","F","D","C","F","D","F","D","D","D","F","F","D","F","F","49","51","0","2","0","0","166467","187275","208084","0","0","0","0","0","0","0","0","0","0","0","0","0","1"
"112","","Virmantas","Daukszas","Virmantas Daukszas","82","221","31","12","23","1985","USDL","1","Maine","12","Maine","12","N/A","0","","0","False","1","11","None","Klaipeda","Lithuania","51","2","69","29","8","64","37","0","42","18","40","36","19","18","46","10","14","63","61","42","F","B","D","F","C","D","C","D","D","D","C","F","F","F","48","52","0","4","0","0","23800","0","0","0","0","0","0","0","0","0","0","0","0","0","0","0","0"
"113","","Gary","Stgermain","Gary Stgermain","83","246","27","5","12","1989","USDL","1","Santa Cruz","15","Santa Cruz","15","N/A","0","Broken Finger","0","False","1","5","Kentucky","Ballwin","MO","35","41","89","1","48","36","64","64","31","33","61","39","34","28","19","41","21","58","37","20","C","C","B","A","D","D","B","C","D","D","D","C","D","C","75","83","0","28","2","0","221992","249741","277490","0","0","0","0","0","0","0","0","0","0","0","0","0","5"
"114","","Charles","Hawkins","Charles Hawkins","81","226","21","10","8","1995","USDL","1","Draft","-2","Draft","-2","N/A","0","","0","False","2","0","Furman","French Settlement","LA","52","46","91","4","11","16","45","16","27","16","36","28","18","3","11","12","43","54","66","39","D","D","C","F","C","D","C","D","D","F","F","D","F","F","45","58","0","0","0","0","0","0","0","0","0","0","0","0","0","0","0","0","0","0","0","0","0"
"115","","Bo","Yi","Bo Yi","80","234","24","5","25","1992","USDL","1","Idaho","9","Idaho","9","N/A","0","Severe Migraines","0","False","2","2","Iona","Boston","MA","85","6","74","64","36","12","43","19","29","2","45","17","12","1","26","24","20","57","63","45","C","D","C","D","D","F","C","D","F","F","D","D","F","F","50","58","0","4","0","0","24079","27089","30099","0","0","0","0","0","0","0","0","0","0","0","0","0","1"
"116","","Deandre","O'Neal","Deandre O'Neal","80","234","24","10","11","1992","USDL","1","Rio Grand Valley","14","Rio Grand Valley","14","N/A","0","","0","True","2","0","Illinois-Chicago","Chicago","IL","45","43","51","78","14","25","62","0","13","10","12","12","12","3","6","3","33","54","66","32","D","C","B","F","F","F","F","D","D","F","F","F","F","F","33","43","0","0","0","0","7600","0","0","0","0","0","0","0","0","0","0","0","0","0","0","0","0"
"117","","Keith","Lotz","Keith Lotz","76","205","20","1","27","1997","USDL","1","Draft","-2","Draft","-2","N/A","0","","0","False","4","0","Georgetown","Norwalk","CT","29","89","8","32","6","20","51","10","18","5","3","17","8","8","11","13","60","42","55","42","F","D","C","F","D","F","F","D","F","F","F","F","F","F","29","34","0","0","0","0","0","0","0","0","0","0","0","0","0","0","0","0","0","0","0","0","0"
"118","","Daniel","Brown","Daniel Brown","82","231","20","5","14","1996","USDL","1","Iowa","10","Iowa","10","N/A","0","","0","False","2","1","Arizona","Payson","AZ","43","11","44","7","3","33","49","33","8","7","22","18","16","2","16","10","19","59","47","29","F","B","C","C","F","F","C","D","D","F","D","F","F","F","36","55","0","0","0","0","7600","11100","0","0","0","0","0","0","0","0","0","0","0","0","0","0","0"
"119","","Edward","Rinaldi","Edward Rinaldi","82","245","24","12","25","1992","USDL","1","FA","-1","FA","-1","N/A","0","","0","True","2","1","Valparaiso","Atkinson","IL","16","30","47","2","11","11","42","0","14","14","39","14","17","12","18","20","23","59","32","43","F","F","C","F","D","F","C","F","D","D","D","D","F","F","36","42","0","0","0","0","0","0","0","0","0","0","0","0","0","0","0","0","0","0","0","0","0"
"120","","Jarrett","Collins","Jarrett Collins","79","181","22","4","5","1995","USDL","1","Draft","-2","Draft","-2","N/A","0","","0","False","4","0","Miami","Jackson","MS","2","82","10","37","4","28","67","0","17","11","12","14","3","16","13","3","65","47","57","60","F","C","B","F","D","F","F","D","F","D","D","F","F","F","39","52","0","0","0","0","0","0","0","0","0","0","0","0","0","0","0","0","0","0","0","0","0"
"121","","Sydney","Carter","Sydney Carter","83","250","23","5","31","1993","USDL","1","Bakersfield","5","Bakersfield","5","N/A","0","","0","True","1","1","Washington State","Missoula","MT","27","40","2","58","11","9","37","0","21","18","31","14","19","0","14","8","48","65","52","39","F","F","C","F","D","D","C","D","D","F","D","F","F","F","38","49","0","0","0","0","7600","11100","0","0","0","0","0","0","0","0","0","0","0","0","0","0","0"
"122","","Ed","Small","Ed Small","83","249","29","12","19","1987","USDL","1","Santa Cruz","15","Santa Cruz","15","N/A","0","","0","False","1","8","Middle Tennessee","Kirkwood","MO","62","2","46","92","22","25","31","35","34","16","28","32","20","0","8","12","13","55","37","18","D","D","D","C","D","F","D","D","D","F","F","F","F","F","46","49","0","0","0","0","88923","94232","99541","0","0","0","0","0","0","0","0","0","0","0","0","0","0"
"123","","Thomas","Stokes","Thomas Stokes","80","241","24","8","24","1992","USDL","1","FA","-1","FA","-1","N/A","0","","0","True","2","1","Oakland","Oak Creek","WI","16","24","64","50","5","17","52","0","12","4","9","10","19","0","5","5","12","68","46","34","F","D","B","F","D","F","F","D","C","F","F","F","F","F","28","41","0","0","0","0","0","0","0","0","0","0","0","0","0","0","0","0","0","0","0","0","0"
"124","","Arthur","Williams","Arthur Williams","80","246","28","4","29","1988","USDL","1","Los Angeles","11","Los Angeles","11","N/A","0","","0","False","2","7","Southern California","Glendale","CA","66","20","8","29","29","16","47","26","7","10","15","43","8","23","9","14","10","65","17","38","C","D","C","D","F","F","F","C","F","D","F","F","F","F","43","50","0","1","0","0","51520","56672","61824","0","0","0","0","0","0","0","0","0","0","0","0","0","4"
"125","","David","Burnett","David Burnett","79","233","30","5","11","1986","USDL","1","Texas","17","Texas","17","N/A","0","","0","False","2","8","Georgetown","Washington","DC","13","2","30","69","35","50","30","0","35","4","31","8","14","4","7","38","19","50","45","17","D","C","D","F","D","F","D","F","F","F","F","C","F","F","40","41","0","0","0","0","18500","0","0","0","0","0","0","0","0","0","0","0","0","0","0","0","0"
"126","","Jack","Escalera","Jack Escalera","79","230","20","5","15","1996","USDL","1","Draft","-2","Draft","-2","N/A","0","","0","False","3","0","Oklahoma","Moore","OK","44","12","79","16","3","23","66","4","10","1","1","19","15","15","44","20","45","56","55","27","F","D","B","F","F","F","F","D","D","D","B","D","F","F","32","43","0","0","0","0","0","0","0","0","0","0","0","0","0","0","0","0","0","0","0","0","0"
"163","","Bo","Johnson","Bo Johnson","82","242","42","7","6","1974","USDL","1","FA","-1","FA","-1","N/A","0","","0","False","2","22","Brigham Young","Poway","CA","25","49","38","20","1","17","46","0","26","8","22","7","25","4","4","29","36","42","69","74","F","D","C","F","D","F","D","F","D","F","F","D","F","F","40","41","0","0","0","0","0","0","0","0","0","0","0","0","0","0","0","0","0","0","0","0","0"
"164","","Thomas","Miller","Thomas Miller","81","226","26","1","30","1991","USDL","1","FA","-1","FA","-1","N/A","0","","0","True","2","2","Alabama","Paris","IL","67","61","70","83","9","29","64","0","3","14","10","30","16","8","6","9","17","64","61","19","F","D","B","F","F","F","F","D","F","F","F","F","F","F","34","36","0","0","0","0","0","0","0","0","0","0","0","0","0","0","0","0","0","0","0","0","0"
"165","","Chase","Harris","Chase Harris","81","239","35","8","27","1981","USDL","1","FA","-1","FA","-1","N/A","0","","0","True","2","16","VMI","Laurel","VA","70","29","81","61","1","43","63","0","20","7","19","16","38","2","18","13","19","57","43","19","F","C","B","F","D","F","D","F","C","F","F","F","F","F","36","38","0","0","0","0","0","0","0","0","0","0","0","0","0","0","0","0","0","0","0","0","0"
"166","","Bryan","Underwood","Bryan Underwood","78","208","18","11","26","1998","USDL","1","Draft","-2","Draft","-2","N/A","0","","0","False","4","0","UAB","Ozark","AR","7","84","66","76","0","14","41","13","16","20","5","11","3","16","15","5","72","70","61","38","F","F","C","F","F","D","F","F","F","D","F","F","F","F","36","41","0","0","0","0","0","0","0","0","0","0","0","0","0","0","0","0","0","0","0","0","0"
"167","","Harold","Kautz","Harold Kautz","81","236","32","1","1","1985","USDL","1","Santa Cruz","15","Santa Cruz","15","N/A","0","Patellar Tendanitis","0","False","2","10","None","Cave City","AR","90","20","0","94","10","22","50","6","35","3","40","42","27","6","31","1","51","52","88","48","F","D","C","F","D","F","C","C","D","F","D","F","F","F","54","56","0","5","0","0","198715","223554","248394","0","0","0","0","0","0","0","0","0","0","0","0","0","1"
"168","","Rodrick","O'Neil","Rodrick O'Neil","79","182","35","6","18","1981","USDL","1","FA","-1","FA","-1","N/A","0","","0","True","3","14","Pittsburgh","Blanding","UT","79","66","72","65","10","41","62","50","9","9","1","11","5","8","27","12","31","36","58","13","F","C","B","C","F","F","F","F","F","F","D","F","F","F","32","33","0","0","0","0","0","0","0","0","0","0","0","0","0","0","0","0","0","0","0","0","0"
"169","","Detlef","Ruedholzer","Detlef Ruedholzer","81","245","31","2","6","1986","USDL","1","Texas","17","Texas","17","N/A","0","Broken Finger","0","False","2","11","None","Feucht","Germany","39","16","35","53","35","21","52","17","26","17","11","17","17","3","17","2","50","38","91","41","C","D","C","F","D","D","F","F","F","F","F","F","F","F","49","52","0","6","0","0","23800","0","0","0","0","0","0","0","0","0","0","0","0","0","0","0","0"
"170","","Ricky","Rodriguez","Ricky Rodriguez","79","227","27","3","30","1990","USDL","1","FA","-1","FA","-1","N/A","0","","0","True","3","6","Gonzaga","Graham","WA","9","22","89","47","17","8","36","13","29","9","6","5","44","8","20","6","39","64","41","71","F","F","D","F","D","F","F","F","C","F","D","F","F","F","43","44","0","0","0","0","0","0","0","0","0","0","0","0","0","0","0","0","0","0","0","0","0"
"171","","Brian","Ryder","Brian Ryder","80","228","32","6","8","1984","USDL","1","Bakersfield","5","Bakersfield","5","N/A","0","","0","False","2","11","None","Yorkshire","VA","81","2","82","49","20","40","61","0","35","7","16","13","10","19","18","7","55","48","87","36","D","C","B","F","D","F","F","F","F","D","F","F","F","F","47","48","0","3","0","0","23800","0","0","0","0","0","0","0","0","0","0","0","0","0","0","0","0"
"172","","Robert","Anderson","Robert Anderson","77","227","24","12","9","1992","USDL","1","Erie","7","Erie","7","N/A","0","","0","True","3","0","Rutgers","New York","NY","13","37","82","63","7","8","42","7","30","6","24","7","23","25","23","7","44","62","67","30","F","F","C","F","C","F","D","F","C","D","D","F","F","F","31","40","0","0","0","0","7600","0","0","0","0","0","0","0","0","0","0","0","0","0","0","0","0"
"173","","Ronald","Daniels","Ronald Daniels","72","204","20","9","16","1996","USDL","1","Draft","-2","Draft","-2","N/A","0","","0","False","5","0","North Carolina","Highview","KY","53","17","90","26","22","36","64","15","10","28","2","7","1","29","51","1","99","29","80","47","D","C","B","D","F","D","F","F","F","D","B","F","F","D","54","63","0","0","0","0","0","0","0","0","0","0","0","0","0","0","0","0","0","0","0","0","0"
"174","","Steven","Perea","Steven Perea","80","231","24","10","17","1992","USDL","1","Fort Wayne","8","Fort Wayne","8","N/A","0","","0","True","3","1","Pittsburgh","Philadelphia","PA","39","60","9","81","11","17","48","11","7","4","5","29","9","18","4","8","42","57","37","47","D","D","C","F","F","F","F","D","F","D","F","F","F","F","36","48","0","0","0","0","7600","11100","0","0","0","0","0","0","0","0","0","0","0","0","0","0","0"
"175","","Kevin","Walker","Kevin Walker","82","217","29","6","24","1987","USDL","1","Oklahoma City","20","Oklahoma City","20","N/A","0","","0","False","3","11","California","Los Angeles","CA","25","3","67","87","25","36","49","22","10","31","16","9","2","5","12","21","51","53","85","22","D","D","B","D","F","D","F","F","F","F","F","D","F","F","46","47","0","6","0","0","140458","141361","0","0","0","0","0","0","0","0","0","0","0","0","0","0","4"
"176","","Baldomero","Montalvo","Baldomero Montalvo","81","239","27","3","29","1990","USDL","1","Grand Rapids","19","Grand Rapids","19","N/A","0","","0","False","3","6","St. John's","Plattsburgh","NY","7","3","59","79","12","20","43","33","25","7","3","8","23","28","15","5","41","46","55","27","F","D","B","D","D","F","F","F","D","C","F","F","F","F","36","42","0","0","0","0","15500","0","0","0","0","0","0","0","0","0","0","0","0","0","0","0","0"
"177","","Aaron","Beasley","Aaron Beasley","79","208","26","11","27","1990","USDL","1","Delaware","18","Delaware","18","N/A","0","","0","False","3","7","South Carolina","Sunrise","FL","20","2","53","8","27","31","75","8","5","2","4","33","19","5","9","20","35","39","39","28","D","C","B","F","F","F","F","D","D","F","F","D","F","F","40","49","0","0","0","0","24682","0","0","0","0","0","0","0","0","0","0","0","0","0","0","0","4"
"178","","Slavoljub","Curach","Slavoljub Curach","82","210","20","2","8","1997","USDL","1","Draft","-2","Draft","-2","N/A","0","","0","False","2","0","None","Koprivnica","Croatia","42","27","27","46","15","20","51","0","7","1","4","17","24","6","6","16","29","65","65","40","D","C","B","F","F","F","F","D","C","F","F","C","F","F","39","58","0","0","0","0","0","0","0","0","0","0","0","0","0","0","0","0","0","0","0","0","0"
"179","","Quintin","Taylor","Quintin Taylor","79","220","32","1","2","1985","USDL","1","FA","-1","FA","-1","N/A","0","","0","True","3","10","UTEP","Catalina","AZ","47","39","82","17","9","53","67","24","35","10","39","15","6","40","22","12","32","56","18","8","F","C","B","D","D","F","C","F","F","C","D","F","F","F","34","36","0","0","0","0","0","0","0","0","0","0","0","0","0","0","0","0","0","0","0","0","0"
"180","","William","Parker","William Parker","80","244","31","7","11","1985","USDL","1","Grand Rapids","19","Grand Rapids","19","N/A","0","Sprained Ankle","0","False","3","12","Nevada","Stanford","CA","13","26","36","45","12","34","53","20","20","18","31","17","8","32","43","24","60","62","72","23","F","D","B","D","D","F","D","D","F","D","C","D","F","F","53","56","0","4","0","0","251960","255341","258722","262104","265485","268866","0","0","0","0","0","0","0","0","0","0","2"
"181","","William","Clyburn","William Clyburn","79","192","24","7","26","1992","USDL","1","Fort Wayne","8","Fort Wayne","8","N/A","0","Broken Finger","0","False","3","1","Temple","St. Marys","PA","89","31","57","16","16","24","56","9","45","13","27","10","18","16","3","37","64","56","91","87","D","D","C","F","C","F","D","F","D","F","F","D","F","D","59","65","0","9","0","0","37100","40810","44520","48230","0","0","0","0","0","0","0","0","0","0","0","0","0"
"182","","Tony","Beck","Tony Beck","79","241","30","5","28","1986","USDL","1","FA","-1","FA","-1","N/A","0","","0","True","3","8","Oregon State","Mountlake Terrace","WA","98","14","4","60","9","42","74","28","18","3","9","20","32","10","13","17","30","40","17","23","F","C","B","D","F","F","F","D","D","F","F","D","F","F","36","39","0","0","0","0","0","0","0","0","0","0","0","0","0","0","0","0","0","0","0","0","0"
"183","","Napoleon","McDaniel","Napoleon McDaniel","79","243","32","5","18","1984","USDL","1","Canton","6","Canton","6","N/A","0","Dislocated Shoulder","0","False","2","13","Providence","Cumberland Hill","RI","30","7","96","63","42","45","37","19","24","8","7","25","8","15","8","21","45","52","67","55","C","C","D","D","D","F","F","D","F","F","F","D","F","F","52","54","0","9","1","0","23800","0","0","0","0","0","0","0","0","0","0","0","0","0","0","0","0"
"184","","Mikulás","Materna","Mikulás Materna","80","212","27","12","8","1989","USDL","1","Bakersfield","5","Bakersfield","5","N/A","0","Dislocated Shoulder","0","False","3","3","None","Prague","Czech Republic","98","19","1","11","9","35","68","25","25","9","9","35","11","13","12","6","62","54","72","56","F","C","B","C","D","F","F","C","F","F","F","F","F","D","55","68","0","7","1","0","45084","50720","0","0","0","0","0","0","0","0","0","0","0","0","0","0","2"
"185","","Petr","Donat","Petr Donat","78","226","29","4","21","1987","USDL","1","Reno","13","Reno","13","N/A","0","Severe Migraines","0","False","3","11","None","Havirov","Czech Republic","89","2","99","21","19","39","73","46","32","15","1","15","17","51","19","6","38","67","76","21","D","C","B","C","D","F","F","F","F","C","D","F","F","F","43","47","0","1","0","0","103743","0","0","0","0","0","0","0","0","0","0","0","0","0","0","0","0"
"186","","David","Alexander","David Alexander","80","244","24","6","13","1992","USDL","1","Rio Grand Valley","14","Rio Grand Valley","14","N/A","0","Patellar Tendanitis","0","False","3","2","None","Westminster","CA","61","25","91","93","8","26","57","49","41","18","6","14","5","8","17","6","54","60","74","27","F","D","C","B","C","D","F","D","F","F","D","F","F","F","47","59","0","5","2","0","17785","18304","18822","0","0","0","0","0","0","0","0","0","0","0","0","0","1"
"187","","Xia","Yen","Xia Yen","80","241","27","5","31","1989","USDL","1","FA","-1","FA","-1","N/A","0","","0","False","3","5","None","Ürümqi","China","4","14","60","91","25","12","33","0","9","8","27","9","38","7","0","6","33","42","46","39","D","F","C","F","F","F","D","F","D","F","F","F","F","F","40","44","0","0","0","0","0","0","0","0","0","0","0","0","0","0","0","0","0","0","0","0","0"
"188","","Randal","Barton","Randal Barton","79","219","27","8","1","1989","USDL","1","Idaho","9","Idaho","9","N/A","0","Stress Fracture","45","True","3","8","Siena","Towson","MD","77","21","99","46","9","37","72","17","28","4","8","21","7","19","53","21","44","45","76","29","F","C","B","F","D","F","F","D","F","D","B","D","F","F","41","46","0","2","0","0","0","0","0","0","0","0","0","0","0","0","0","0","0","0","0","0","0"
"189","","Orville","Lamere","Orville Lamere","80","228","30","8","3","1986","USDL","1","Sioux Falls","16","Sioux Falls","16","N/A","0","","0","True","3","6","Kansas","Salina","KS","66","26","41","77","6","16","37","13","24","12","19","17","26","5","17","10","42","47","51","33","F","F","C","F","D","F","D","D","D","F","F","F","F","F","37","41","0","0","0","0","41676","46886","52095","0","0","0","0","0","0","0","0","0","0","0","0","0","0"
"190","","Harold","Mori","Harold Mori","79","220","31","12","26","1985","USDL","1","FA","-1","FA","-1","N/A","0","","0","True","3","10","Colorado","Aurora","CO","13","25","51","10","9","12","38","12","38","9","8","30","29","10","2","21","33","31","32","52","F","F","C","F","D","F","F","D","D","F","F","D","F","F","38","42","0","0","0","0","0","0","0","0","0","0","0","0","0","0","0","0","0","0","0","0","0"
"191","","Len","Elwood","Len Elwood","79","214","31","6","10","1985","USDL","1","Texas","17","Texas","17","N/A","0","","0","False","3","12","Utah Valley","Davis","CA","49","19","23","39","21","16","48","45","12","6","12","22","7","57","41","14","48","47","47","46","D","F","C","C","F","F","F","D","F","C","C","F","F","F","54","57","0","5","1","1","241123","0","0","0","0","0","0","0","0","0","0","0","0","0","0","0","0"
"192","","Dion","Kipp","Dion Kipp","82","225","21","10","28","1995","USDL","1","Draft","-2","Draft","-2","N/A","0","","0","False","3","0","None","Poole","England","14","82","24","97","6","47","69","21","25","3","22","21","26","17","20","25","32","43","47","45","F","C","B","D","D","F","D","D","D","F","D","D","F","F","46","53","0","0","0","0","0","0","0","0","0","0","0","0","0","0","0","0","0","0","0","0","0"
"193","","Lester","Walker","Lester Walker","78","216","28","9","7","1988","USDL","1","FA","-1","FA","-1","N/A","0","","0","True","3","6","Missouri State","Albany","MO","55","66","11","68","11","15","45","22","2","22","13","12","25","10","28","19","40","65","59","26","F","F","C","D","F","D","F","F","D","F","D","D","F","F","36","39","0","0","0","0","0","0","0","0","0","0","0","0","0","0","0","0","0","0","0","0","0"
"194","","Clarence","Campbell","Clarence Campbell","80","192","30","8","26","1986","USDL","1","Idaho","9","Idaho","9","N/A","0","","0","False","3","11","Niagara","Grand Rapids","MI","48","3","58","36","8","18","44","11","20","8","12","3","21","20","7","38","37","82","53","29","F","D","C","F","D","F","F","F","D","D","F","C","F","F","38","40","0","0","0","0","23800","0","0","0","0","0","0","0","0","0","0","0","0","0","0","0","0"
"195","","Charles","Taylor","Charles Taylor","79","212","34","12","2","1982","USDL","1","FA","-1","FA","-1","N/A","0","","0","True","3","12","Miami","Miami","FL","99","46","32","56","26","8","34","5","36","19","3","26","8","23","16","2","66","49","49","30","D","F","D","F","C","D","F","D","F","D","F","F","F","F","39","41","1","1","0","0","0","0","0","0","0","0","0","0","0","0","0","0","0","0","0","0","0"
"196","","Wes","McGowan","Wes McGowan","81","239","34","2","26","1983","USDL","1","Canton","6","Canton","6","N/A","0","Stiff Neck","0","False","2","12","Maryland","North Bethesda","MD","88","26","50","20","67","18","55","25","39","10","19","17","59","28","6","18","57","56","48","33","B","D","C","D","C","F","D","F","B","D","F","D","D","D","71","73","0","20","6","1","309241","340165","371089","0","0","0","0","0","0","0","0","0","0","0","0","0","1"
"197","","Douglas","Brewer","Douglas Brewer","79","210","24","1","4","1993","USDL","1","Toronto","21","Toronto","21","N/A","0","","0","False","2","1","West Virginia","Carney","MD","19","4","84","38","18","28","69","5","20","3","3","12","10","23","7","10","53","57","80","44","D","C","B","F","D","F","F","D","F","C","F","F","F","F","40","58","1","0","0","0","7600","11100","0","0","0","0","0","0","0","0","0","0","0","0","0","0","0"
"207","","Valentín","Chiamulera","Valentín Chiamulera","83","194","29","10","23","1987","USDL","1","Grand Rapids","19","Grand Rapids","19","N/A","0","Broken Foot","0","False","2","9","IUPUI","Battle Ground","IN","65","32","55","54","31","12","37","1","15","18","32","14","8","35","26","7","50","72","95","24","D","F","C","F","F","D","D","F","F","C","D","F","F","F","46","47","0","5","0","0","99586","101829","104073","106316","0","0","0","0","0","0","0","0","0","0","0","0","6"
"208","","Frank","Jacobsen","Frank Jacobsen","79","209","31","10","24","1985","USDL","1","Westchester","22","Westchester","22","N/A","0","Patellar Tendanitis","0","False","2","9","North Carolina","Menasha","WI","94","31","75","93","8","50","71","14","27","15","6","8","13","3","22","7","53","64","80","42","F","C","B","F","D","F","F","F","F","F","D","F","F","F","45","46","0","6","0","0","79890","83840","87790","0","0","0","0","0","0","0","0","0","0","0","0","0","2"
"209","","Howard","Aman","Howard Aman","78","232","38","11","12","1978","USDL","1","FA","-1","FA","-1","N/A","0","","0","True","3","15","Seton Hall","Boston","MA","95","68","28","47","18","10","39","4","29","5","7","19","15","13","13","10","37","47","37","25","D","F","C","F","D","F","F","F","F","F","F","F","F","F","29","32","1","0","0","0","0","0","0","0","0","0","0","0","0","0","0","0","0","0","0","0","0"
"210","","Conrad","Jones","Conrad Jones","80","229","22","5","18","1994","USDL","1","Delaware","18","Delaware","18","N/A","0","","0","True","5","1","Northern Iowa","Chesterfield","MO","84","71","77","71","9","18","56","18","12","16","9","7","10","10","15","1","52","47","68","29","F","D","C","D","D","D","F","F","F","F","F","F","F","F","34","43","0","1","0","0","7600","11100","0","0","0","0","0","0","0","0","0","0","0","0","0","0","0"
"211","","David","Edwards","David Edwards","78","244","32","10","13","1984","USDL","1","FA","-1","FA","-1","N/A","0","","0","True","3","9","Denver","Colorado Springs","CO","57","47","50","45","7","16","18","10","40","6","11","13","28","9","21","20","41","65","34","62","F","F","D","F","C","F","F","F","D","F","D","D","F","F","37","38","0","0","0","0","0","0","0","0","0","0","0","0","0","0","0","0","0","0","0","0","0"
"212","","Kenny","Dollar","Kenny Dollar","83","269","21","11","29","1995","USDL","1","Draft","-2","Draft","-2","N/A","0","","0","False","1","0","Utah State","Ogden","UT","32","10","39","75","16","4","33","0","14","4","2","9","14","11","8","2","11","67","48","50","D","F","D","F","D","F","F","F","D","F","F","F","F","F","32","41","0","0","0","0","0","0","0","0","0","0","0","0","0","0","0","0","0","0","0","0","0"
"213","","Bogomil","Rajsp","Bogomil Rajsp","80","208","32","11","18","1984","USDL","1","Maine","12","Maine","12","N/A","0","","0","False","2","9","None","Menges","Slovenia","91","24","44","9","45","52","68","43","44","27","8","14","16","35","21","28","30","63","55","38","C","C","A","C","C","D","F","F","F","D","D","D","F","D","59","62","0","10","1","1","0","0","0","0","0","0","0","0","0","0","0","0","0","0","0","0","0"
"214","","Victor","Chase","Victor Chase","80","232","25","7","14","1991","USDL","1","Canton","6","Canton","6","N/A","0","Broken Finger","0","False","3","6","Cal State Northridge","Rancho Santa Margarita","CA","53","2","18","86","19","18","50","16","47","24","14","5","20","15","27","29","60","68","58","49","D","D","C","D","C","D","F","F","D","F","D","D","F","F","47","50","0","1","0","0","74102","81512","0","0","0","0","0","0","0","0","0","0","0","0","0","0","2"
"215","","Jonathon","Roberts","Jonathon Roberts","79","215","30","1","4","1987","USDL","1","Erie","7","Erie","7","N/A","0","Stress Fracture","6","False","3","7","Stanford","Modesto","CA","24","34","96","16","3","34","46","14","35","5","29","60","4","22","19","4","63","43","78","37","F","C","C","F","D","F","D","B","F","D","D","F","F","F","51","56","0","4","0","0","161014","0","0","0","0","0","0","0","0","0","0","0","0","0","0","0","3"
"216","","William","Edmonson","William Edmonson","78","219","26","5","23","1990","USDL","1","Erie","7","Erie","7","N/A","0","","0","False","2","5","Hawaii","Kaneohe","HI","38","2","1","95","20","67","52","0","51","18","5","23","36","18","18","7","43","34","59","36","D","B","B","F","C","F","F","D","D","D","F","F","F","F","44","46","0","1","0","0","61364","67500","73637","0","0","0","0","0","0","0","0","0","0","0","0","0","1"
"217","","Abram","Traynor","Abram Traynor","79","191","25","3","17","1992","USDL","1","Iowa","10","Iowa","10","N/A","0","","0","False","3","2","Baylor","Meriden","KS","3","2","87","65","14","12","46","19","14","10","11","7","13","9","10","11","54","69","88","43","D","F","C","D","D","F","D","F","D","F","D","F","F","F","39","50","0","0","0","0","11100","12900","0","0","0","0","0","0","0","0","0","0","0","0","0","0","1"
"218","","Albert","Godin","Albert Godin","81","226","20","1","20","1997","USDL","1","Draft","-2","Draft","-2","N/A","0","","0","False","2","0","Southern Illinois","Moline","IL","55","86","94","48","7","29","49","4","10","5","14","18","12","3","14","7","32","59","67","54","F","C","C","F","F","F","D","D","D","F","D","F","F","F","37","51","0","0","0","0","0","0","0","0","0","0","0","0","0","0","0","0","0","0","0","0","0"
"219","","Jose","Lewis","Jose Lewis","80","229","19","11","30","1997","USDL","1","Draft","-2","Draft","-2","N/A","0","","0","False","2","0","North Carolina","Philadelphia","PA","79","1","7","82","8","5","42","0","20","7","12","6","21","1","13","25","37","49","42","34","F","F","C","F","D","F","D","F","C","F","D","C","F","F","30","46","0","0","0","0","0","0","0","0","0","0","0","0","0","0","0","0","0","0","0","0","0"
"220","","Josue","Moon","Josue Moon","78","195","23","9","11","1993","USDL","1","FA","-1","FA","-1","N/A","0","","0","True","3","4","Oklahoma State","Owasso","OK","6","9","13","58","32","19","56","0","30","6","13","8","7","8","11","16","37","47","47","36","D","D","C","F","C","F","F","F","F","F","F","D","F","F","33","38","0","0","0","0","0","0","0","0","0","0","0","0","0","0","0","0","0","0","0","0","0"
"221","","Cornell","Pleasant","Cornell Pleasant","81","212","28","9","8","1988","USDL","1","Erie","7","Erie","7","N/A","0","","0","False","3","7","Stanford","Stockton","CA","33","4","24","12","26","24","52","6","17","11","12","22","9","13","24","3","55","37","54","39","D","D","C","F","F","F","F","D","F","F","D","F","F","F","40","49","0","1","0","0","0","0","0","0","0","0","0","0","0","0","0","0","0","0","0","0","0"
"222","","Dennis","Curley","Dennis Curley","79","223","29","2","18","1988","USDL","1","Sioux Falls","16","Sioux Falls","16","N/A","0","Patellar Tendanitis","0","False","2","5","Minnesota","New York","NY","13","26","2","4","27","88","82","6","30","8","1","22","23","15","14","30","34","40","33","27","D","A","A","F","C","F","F","D","D","D","D","D","F","F","45","52","0","1","0","0","66575","74897","83219","0","0","0","0","0","0","0","0","0","0","0","0","0","5"
"223","","Markus","Carter","Markus Carter","77","244","28","3","31","1989","USDL","1","Iowa","10","Iowa","10","N/A","0","","0","False","2","6","Holy Cross","West Haven","CT","50","6","25","24","11","35","68","0","33","4","42","60","22","13","10","12","36","70","36","32","F","C","B","F","C","F","C","C","D","F","F","F","F","F","44","50","0","2","0","0","15500","0","0","0","0","0","0","0","0","0","0","0","0","0","0","0","0"
"224","","William","Scarborough","William Scarborough","83","202","22","5","13","1994","USDL","1","Sioux Falls","16","Sioux Falls","16","N/A","0","Broken Arm","0","False","3","1","Cornell","Lowville","NY","97","4","16","14","14","9","40","23","5","4","16","10","23","13","16","7","47","68","85","35","F","F","C","D","F","F","F","F","D","F","D","F","F","F","43","50","0","0","0","0","0","0","0","0","0","0","0","0","0","0","0","0","0","0","0","0","0"
"225","","Michael","Smith","Michael Smith","80","225","20","5","19","1996","USDL","1","Oklahoma City","20","Oklahoma City","20","N/A","0","Dislocated Shoulder","0","False","3","1","Missouri State","Kansas City","MO","35","27","49","32","17","27","65","7","12","9","28","38","11","28","18","7","61","39","62","42","D","C","B","F","D","F","C","C","F","D","D","F","F","D","50","64","0","5","0","0","26506","29819","33132","36446","0","0","0","0","0","0","0","0","0","0","0","0","0"
"226","","Michael","Collins","Michael Collins","79","232","29","5","15","1987","USDL","1","Los Angeles","11","Los Angeles","11","N/A","0","Broken Arm","0","False","2","11","Kentucky","Cedar City","UT","90","15","66","32","13","36","59","0","46","16","16","38","45","15","21","39","46","55","86","56","F","D","C","F","C","F","D","C","C","D","D","C","F","D","59","64","0","2","0","0","289115","303554","0","0","0","0","0","0","0","0","0","0","0","0","0","0","2"
"227","","Pranas","Kriksciunas","Pranas Kriksciunas","79","241","25","9","12","1991","USDL","1","Idaho","9","Idaho","9","N/A","0","","0","False","3","5","None","Marijampole","Lithuania","14","2","68","33","7","26","53","12","51","2","20","32","14","30","6","6","50","48","71","18","F","D","C","F","C","F","D","D","D","D","F","F","F","F","38","44","0","0","0","0","31833","0","0","0","0","0","0","0","0","0","0","0","0","0","0","0","0"
"228","","Stephen","Wilson","Stephen Wilson","79","243","26","3","21","1991","USDL","1","Idaho","9","Idaho","9","N/A","0","Sprained Ankle","0","False","2","7","Portland State","Salem","OR","74","32","69","89","7","12","31","6","36","9","16","55","20","15","8","31","55","66","91","48","F","F","D","F","D","F","F","C","D","D","F","C","F","F","52","56","0","2","0","0","132528","0","0","0","0","0","0","0","0","0","0","0","0","0","0","0","0"
"229","","Paul","Jones","Paul Jones","79","213","21","9","8","1995","USDL","1","Draft","-2","Draft","-2","N/A","0","","0","False","3","0","Stanford","Sunnyvale","CA","7","21","61","6","32","16","60","1","24","7","9","7","9","4","11","8","64","65","81","45","C","D","B","F","C","F","F","F","D","F","F","F","F","D","44","64","0","0","0","0","0","0","0","0","0","0","0","0","0","0","0","0","0","0","0","0","0"
"230","","Edmond","Ochs","Edmond Ochs","78","184","31","11","15","1985","USDL","1","Erie","7","Erie","7","N/A","0","","0","False","4","9","Marquette","Toledo","OH","36","18","18","25","2","50","48","15","9","14","2","29","20","32","51","6","78","56","68","37","F","C","C","F","F","F","F","D","D","D","C","F","F","D","59","60","0","3","0","0","245159","269675","0","0","0","0","0","0","0","0","0","0","0","0","0","0","5"
"231","","Tacito","Gonzales","Tacito Gonzales","80","192","31","3","4","1986","USDL","1","Grand Rapids","19","Grand Rapids","19","N/A","0","","0","False","3","8","Cal State Northridge","Fayetteville","NC","57","33","34","100","4","81","74","13","15","6","1","5","13","47","21","35","65","65","66","32","F","A","B","F","D","F","F","F","F","C","D","D","D","D","63","68","0","21","1","0","269045","0","0","0","0","0","0","0","0","0","0","0","0","0","0","0","1"
"127","","Jorge","Collins","Jorge Collins","71","171","21","6","19","1995","USDL","1","Draft","-2","Draft","-2","N/A","0","","0","False","5","0","None","Melbourne","Australia","83","39","78","60","17","23","59","9","37","19","2","8","2","18","7","2","68","43","86","28","D","D","B","F","C","D","F","F","F","D","F","F","F","F","37","51","0","0","0","0","0","0","0","0","0","0","0","0","0","0","0","0","0","0","0","0","0"
"128","","Ralph","Thomas","Ralph Thomas","80","229","32","4","16","1985","USDL","1","Reno","13","Reno","13","N/A","0","","0","False","2","9","Washington State","San Jose","CA","53","7","99","2","28","26","49","0","16","1","24","19","38","5","10","7","22","37","58","39","D","D","C","F","F","F","D","F","D","F","F","F","F","F","44","46","0","0","0","0","79890","87879","95868","0","0","0","0","0","0","0","0","0","0","0","0","0","0"
"129","","Winfred","Edwards","Winfred Edwards","82","237","25","6","22","1991","USDL","1","Rio Grand Valley","14","Rio Grand Valley","14","N/A","0","","0","False","2","4","Air Force","Albuquerque","NM","58","2","79","70","15","34","29","0","33","13","18","29","21","3","16","12","21","57","61","60","F","D","D","F","D","F","D","D","D","F","D","F","F","F","45","48","0","0","0","0","20250","0","0","0","0","0","0","0","0","0","0","0","0","0","0","0","3"
"130","","Don","Thomas","Don Thomas","82","211","30","1","25","1987","USDL","1","FA","-1","FA","-1","N/A","0","","0","True","2","7","None","Tallahassee","FL","39","70","98","30","31","29","52","0","21","14","10","18","18","2","14","15","13","38","35","30","D","D","B","F","D","F","F","D","F","F","F","F","F","F","37","39","0","0","0","0","0","0","0","0","0","0","0","0","0","0","0","0","0","0","0","0","0"
"131","","Justin","Mancini","Justin Mancini","79","255","30","1","20","1987","USDL","1","Sioux Falls","16","Sioux Falls","16","N/A","0","Inflamed Appendix","0","False","2","6","Iona","El Paso","TX","100","14","99","85","34","33","59","14","23","0","14","37","5","27","8","51","26","60","29","56","D","D","B","F","D","F","F","D","F","D","F","C","F","F","50","51","0","2","0","0","118905","133768","148631","0","0","0","0","0","0","0","0","0","0","0","0","0","0"
"132","","Lance","McGinty","Lance McGinty","78","205","20","8","2","1996","USDL","1","Draft","-2","Draft","-2","N/A","0","","0","False","4","0","Idaho State","Sandpoint","ID","79","43","8","85","4","15","57","14","18","6","1","14","1","2","17","3","71","23","64","74","F","D","B","D","C","F","F","D","F","F","D","F","F","F","39","53","0","0","0","0","0","0","0","0","0","0","0","0","0","0","0","0","0","0","0","0","0"
"133","","Richard","Rourke","Richard Rourke","82","221","32","10","12","1984","USDL","1","FA","-1","FA","-1","N/A","0","","0","False","2","9","Texas","Harlingen","TX","83","2","21","11","14","22","47","1","31","8","27","15","16","3","35","44","20","61","25","60","F","D","C","F","D","F","D","F","F","F","D","C","F","F","42","44","1","0","0","0","0","0","0","0","0","0","0","0","0","0","0","0","0","0","0","0","0"
"134","","Virgil","Kimsey","Virgil Kimsey","81","228","21","5","2","1995","USDL","1","Draft","-2","Draft","-2","N/A","0","","0","False","3","0","Louisville","Guilford Center","CT","96","8","94","45","5","9","49","0","23","12","21","10","18","14","15","1","42","41","71","41","F","F","C","F","C","D","D","D","D","D","D","F","F","F","32","47","0","0","0","0","0","0","0","0","0","0","0","0","0","0","0","0","0","0","0","0","0"
"135","","James","Carter","James Carter","80","248","34","12","2","1982","USDL","1","Reno","13","Reno","13","N/A","0","Broken Foot","9","True","2","11","Kentucky","Houston","TX","72","31","51","87","47","21","38","0","13","5","45","18","27","4","2","46","41","48","63","84","C","D","C","F","F","F","C","F","D","F","F","B","D","D","64","71","0","34","9","6","307693","308880","0","0","0","0","0","0","0","0","0","0","0","0","0","0","0"
"136","","Bryant","Lewis","Bryant Lewis","82","238","31","11","6","1985","USDL","1","Toronto","21","Toronto","21","N/A","0","","0","False","2","8","Seton Hall","New York","NY","38","33","66","73","80","21","46","20","15","8","12","39","30","7","19","48","38","59","68","53","A","D","C","D","F","F","F","D","D","F","F","C","D","C","77","80","0","11","2","1","0","0","0","0","0","0","0","0","0","0","0","0","0","0","0","0","0"
"137","","Deandre","Garcia","Deandre Garcia","80","238","33","1","20","1984","USDL","1","Delaware","18","Delaware","18","N/A","0","","0","False","2","11","Oregon","Seattle","WA","69","2","99","3","20","24","54","0","15","11","36","4","18","16","21","62","28","32","75","38","D","D","C","F","F","F","D","F","D","F","D","B","F","F","44","46","0","0","0","0","23800","0","0","0","0","0","0","0","0","0","0","0","0","0","0","0","0"
"138","","Johnie","Lopez","Johnie Lopez","81","238","28","12","4","1988","USDL","1","Reno","13","Reno","13","N/A","0","","0","False","2","7","UC Santa Barbara","San Luis Obispo","CA","37","4","37","69","12","19","49","0","24","13","37","35","42","6","5","24","13","38","58","30","F","D","C","F","D","F","C","C","C","F","F","D","F","F","45","49","0","1","0","0","0","0","0","0","0","0","0","0","0","0","0","0","0","0","0","0","0"
"139","","Dion","Otero","Dion Otero","79","217","31","3","14","1986","USDL","1","Sioux Falls","16","Sioux Falls","16","N/A","0","","0","False","4","11","Kansas","Allen","OK","76","2","85","28","4","18","42","0","33","31","27","9","47","1","15","11","26","80","34","64","F","D","C","F","D","C","D","F","C","F","F","F","F","F","42","45","0","0","0","0","85909","96648","107386","0","0","0","0","0","0","0","0","0","0","0","0","0","3"
"140","","Burl","Brawner","Burl Brawner","81","240","31","12","16","1985","USDL","1","Bakersfield","5","Bakersfield","5","N/A","0","Hyperextended Knee","0","False","2","12","Creighton","Carthage","MO","88","2","76","73","23","32","60","0","50","31","22","45","7","5","23","8","30","53","30","49","D","D","C","F","C","D","D","C","F","F","D","F","F","F","46","47","0","4","0","0","23800","0","0","0","0","0","0","0","0","0","0","0","0","0","0","0","0"
"141","","Gordon","Serrano","Gordon Serrano","79","232","28","7","9","1988","USDL","1","Delaware","18","Delaware","18","N/A","0","","0","False","2","6","Old Dominion","Montclair","NJ","39","12","47","30","7","12","42","0","17","4","42","30","54","3","9","16","13","46","69","31","F","F","C","F","D","F","C","D","C","F","F","F","F","F","43","45","0","0","0","0","61364","63865","66366","0","0","0","0","0","0","0","0","0","0","0","0","0","1"
"142","","Arden","Griffith","Arden Griffith","81","222","26","2","19","1991","USDL","1","Fort Wayne","8","Fort Wayne","8","N/A","0","Pulled Hamstring","0","False","2","6","Iowa","Shawano","WI","47","22","43","56","50","27","33","0","21","4","21","27","40","7","32","29","17","70","58","31","B","C","D","F","D","F","D","C","C","F","C","C","F","D","58","75","0","17","1","0","128878","0","0","0","0","0","0","0","0","0","0","0","0","0","0","0","0"
"143","","Bert","Brown","Bert Brown","80","229","24","5","15","1992","USDL","1","Maine","12","Maine","12","N/A","0","","0","True","2","4","Siena","East Meadow","NY","93","14","95","76","4","6","40","4","23","5","11","9","17","9","21","20","35","71","77","39","F","F","C","F","C","F","F","F","D","F","D","D","F","F","35","46","0","0","0","0","13500","0","0","0","0","0","0","0","0","0","0","0","0","0","0","0","0"
"144","","Matt","Moore","Matt Moore","81","244","26","11","19","1990","USDL","1","Iowa","10","Iowa","10","N/A","0","","0","False","2","5","Alabama A&M","Sandersville","MS","33","2","97","96","14","6","32","0","33","3","49","16","50","12","48","17","17","54","34","41","F","F","D","F","D","F","C","F","C","F","C","F","F","F","46","46","0","0","0","0","14100","0","0","0","0","0","0","0","0","0","0","0","0","0","0","0","0"
"145","","Ira","Sanchez","Ira Sanchez","78","240","32","9","2","1984","USDL","1","FA","-1","FA","-1","N/A","0","","0","True","2","10","Texas Tech","Oceanside","CA","41","40","18","92","13","23","43","0","23","3","11","46","37","1","24","18","8","77","20","45","F","D","C","F","D","F","F","C","D","F","D","F","F","F","40","41","0","0","0","0","0","0","0","0","0","0","0","0","0","0","0","0","0","0","0","0","0"
"146","","Thanh","Foreman","Thanh Foreman","77","177","21","7","19","1995","USDL","1","Draft","-2","Draft","-2","N/A","0","","0","False","4","0","Stanford","Sunnyvale","CA","73","13","75","63","10","50","43","32","37","13","6","6","5","21","6","7","66","50","39","34","F","B","C","C","C","D","F","F","F","D","F","F","F","D","46","65","0","0","0","0","0","0","0","0","0","0","0","0","0","0","0","0","0","0","0","0","0"
"147","","Jack","Hall","Jack Hall","82","244","32","6","5","1984","USDL","1","Erie","7","Erie","7","N/A","0","","0","False","2","12","Bowling Green","Chicago","IL","2","14","2","38","40","28","38","0","28","15","30","18","7","6","8","14","22","50","53","69","D","D","C","F","D","F","D","D","F","F","F","F","F","F","48","50","0","1","0","0","185540","208732","0","0","0","0","0","0","0","0","0","0","0","0","0","0","4"
"148","","Damian","Anderson","Damian Anderson","82","247","27","12","2","1989","USDL","1","FA","-1","FA","-1","N/A","0","","0","True","2","7","West Virginia","Chicago","IL","72","91","37","36","7","13","38","0","33","24","10","50","9","3","6","10","15","61","53","20","F","F","C","F","C","D","F","C","F","F","F","F","F","F","36","40","0","0","0","0","0","0","0","0","0","0","0","0","0","0","0","0","0","0","0","0","0"
"149","","Leroy","Martinez","Leroy Martinez","79","229","21","8","8","1995","USDL","1","Draft","-2","Draft","-2","N/A","0","","0","False","3","0","UNLV","Oxford","PA","32","90","2","10","10","5","36","15","8","9","35","11","22","22","16","11","56","44","61","39","D","F","D","D","F","D","C","D","D","D","D","D","F","F","37","54","0","0","0","0","0","0","0","0","0","0","0","0","0","0","0","0","0","0","0","0","0"
"150","","Dorian","Rieger","Dorian Rieger","79","220","20","10","10","1996","USDL","1","Draft","-2","Draft","-2","N/A","0","","0","False","3","0","Gonzaga","Seattle","WA","9","3","23","10","16","19","58","24","17","7","6","7","12","7","10","9","42","73","70","51","D","C","B","C","D","F","F","F","D","F","D","F","F","F","39","57","0","0","0","0","0","0","0","0","0","0","0","0","0","0","0","0","0","0","0","0","0"
"151","","Ronald","Reyes","Ronald Reyes","83","207","31","5","19","1985","USDL","1","Los Angeles","11","Los Angeles","11","N/A","0","","0","False","2","9","Syracuse","Cambridge","MA","77","7","12","41","29","20","45","19","49","16","27","8","26","13","8","12","11","52","49","23","D","D","C","D","C","F","D","F","D","F","F","F","F","F","43","44","0","0","0","0","20000","0","0","0","0","0","0","0","0","0","0","0","0","0","0","0","0"
"152","","Larry","Poole","Larry Poole","80","216","23","8","24","1993","USDL","1","Westchester","22","Westchester","22","N/A","0","Sprained Knee","0","False","2","3","Belmont","Charlestown","IN","45","27","30","85","18","7","35","5","17","31","30","40","20","1","21","36","34","88","51","44","D","F","D","F","D","D","D","C","D","F","D","C","F","F","52","56","0","4","0","0","33293","37455","0","0","0","0","0","0","0","0","0","0","0","0","0","0","2"
"153","","Don","Rivas","Don Rivas","82","256","27","3","6","1990","USDL","1","Reno","13","Reno","13","N/A","0","","0","False","1","4","Gonzaga","Bremerton","WA","90","2","55","27","4","11","38","0","21","7","14","16","42","10","11","14","29","54","71","53","F","F","C","F","D","F","D","F","C","F","F","F","F","F","42","45","0","0","0","0","13500","0","0","0","0","0","0","0","0","0","0","0","0","0","0","0","0"
"154","","Terry","Sexton","Terry Sexton","80","183","19","6","22","1997","USDL","1","Draft","-2","Draft","-2","N/A","0","","0","False","3","0","Tennessee Tech","Kaukauna","WI","36","99","88","25","7","18","72","28","9","1","3","13","20","9","7","16","64","51","89","54","F","C","B","B","F","F","F","D","C","D","F","C","F","C","48","80","0","0","0","0","0","0","0","0","0","0","0","0","0","0","0","0","0","0","0","0","0"
"155","","Eliseo","Adega","Eliseo Adega","82","231","22","5","4","1994","USDL","1","Idaho","9","Idaho","9","N/A","0","","0","True","2","1","Auburn","New Orleans","LA","46","42","33","45","5","20","36","0","4","0","22","8","19","7","3","12","28","44","77","58","F","C","D","F","F","F","C","F","D","F","F","D","F","F","35","48","0","0","0","0","7600","11100","0","0","0","0","0","0","0","0","0","0","0","0","0","0","0"
"156","","Matthew","Davis","Matthew Davis","83","238","34","4","8","1983","USDL","1","Rio Grand Valley","14","Rio Grand Valley","14","N/A","0","Sprained Knee","0","False","2","13","Arkansas-Little Rock","Abilene","TX","80","26","62","52","29","22","51","0","12","10","53","29","9","10","28","33","11","55","41","41","D","D","B","F","F","F","C","D","F","F","D","D","F","F","50","54","0","9","2","0","204613","0","0","0","0","0","0","0","0","0","0","0","0","0","0","0","3"
"157","","Gregory","Rodriguez","Gregory Rodriguez","81","242","33","2","8","1984","USDL","1","Maine","12","Maine","12","N/A","0","","0","False","2","12","Saint Louis","Lafayette","LA","82","32","95","53","11","33","35","0","44","0","44","57","39","25","28","35","19","72","48","29","F","D","D","F","C","F","C","C","C","D","D","D","F","F","56","59","0","6","0","0","270538","271184","0","0","0","0","0","0","0","0","0","0","0","0","0","0","1"
"158","","Marcel","Davis","Marcel Davis","80","233","25","6","28","1991","USDL","1","FA","-1","FA","-1","N/A","0","","0","True","2","2","Long Beach State","Glendale","CA","83","65","79","78","15","12","49","0","24","9","20","10","6","2","7","10","17","71","55","41","D","D","C","F","D","F","D","F","F","F","F","F","F","F","33","39","0","0","0","0","0","0","0","0","0","0","0","0","0","0","0","0","0","0","0","0","0"
"159","","Arthur","Garmon","Arthur Garmon","80","247","29","8","24","1987","USDL","1","Rio Grand Valley","14","Rio Grand Valley","14","N/A","0","","0","False","2","8","UTEP","New London","CT","97","47","38","16","4","26","52","0","11","14","38","58","13","1","23","10","12","67","53","21","F","D","B","F","F","F","C","C","F","F","D","F","F","F","42","43","0","0","0","0","18500","0","0","0","0","0","0","0","0","0","0","0","0","0","0","0","0"
"160","","Jose","Mitchell","Jose Mitchell","83","218","31","5","10","1985","USDL","1","Texas","17","Texas","17","N/A","0","Sprained Knee","0","False","2","10","Ohio State","New York","NY","14","27","65","80","9","58","37","0","29","0","19","26","13","11","17","33","41","57","88","23","F","B","C","F","D","F","F","D","F","F","F","D","F","F","45","46","0","8","0","0","159034","160547","162060","163574","0","0","0","0","0","0","0","0","0","0","0","0","2"
"161","","Marcus","Lewis","Marcus Lewis","75","169","22","3","17","1995","USDL","1","Draft","-2","Draft","-2","N/A","0","","0","False","5","0","Brigham Young","Imperial Beach","CA","40","23","68","1","2","17","49","10","5","7","8","2","3","27","14","0","69","59","30","23","F","D","C","F","F","F","F","F","F","C","D","F","F","F","24","32","0","0","0","0","0","0","0","0","0","0","0","0","0","0","0","0","0","0","0","0","0"
"162","","Buddy","Hernandez","Buddy Hernandez","79","186","18","4","11","1999","USDL","1","Draft","-2","Draft","-2","N/A","0","","0","False","3","0","None","Berwyn","IL","84","1","99","10","19","30","65","7","14","8","13","7","19","6","21","18","43","49","71","30","D","C","B","F","D","F","D","F","D","F","D","D","F","F","38","50","0","0","0","0","0","0","0","0","0","0","0","0","0","0","0","0","0","0","0","0","0"
"198","","Cody","Scarberry","Cody Scarberry","83","233","21","6","26","1995","USDL","1","Draft","-2","Draft","-2","N/A","0","","0","False","1","0","Saint Mary's","Pomona","CA","7","99","60","21","7","42","29","0","8","22","18","6","34","2","15","2","6","75","39","31","F","C","D","F","F","D","D","F","C","F","D","F","F","F","34","42","0","0","0","0","0","0","0","0","0","0","0","0","0","0","0","0","0","0","0","0","0"
"199","","Gerardo","Poynter","Gerardo Poynter","78","241","21","9","3","1995","USDL","1","Draft","-2","Draft","-2","N/A","0","","0","False","2","0","Samford","La Salle","IL","34","9","65","13","9","12","43","0","18","14","13","10","40","1","3","28","22","62","41","43","F","F","C","F","D","D","D","F","C","F","F","C","F","F","34","42","0","0","0","0","0","0","0","0","0","0","0","0","0","0","0","0","0","0","0","0","0"
"200","","Damian","Mosley","Damian Mosley","82","209","21","3","12","1996","USDL","1","FA","-1","FA","-1","N/A","0","","0","True","3","0","Holy Cross","Janesville","WI","29","68","9","72","9","26","54","12","16","25","7","29","12","29","18","13","40","55","47","16","F","D","C","F","F","D","F","D","F","D","D","F","F","F","36","40","0","0","0","0","0","0","0","0","0","0","0","0","0","0","0","0","0","0","0","0","0"
"201","","Buddy","Reed","Buddy Reed","79","193","30","2","15","1987","USDL","1","FA","-1","FA","-1","N/A","0","","0","True","3","7","None","Buffalo","NY","75","61","39","37","4","28","54","19","35","4","4","5","27","13","10","14","32","73","42","31","F","D","B","D","D","F","F","F","D","F","F","D","F","F","34","36","0","0","0","0","0","0","0","0","0","0","0","0","0","0","0","0","0","0","0","0","0"
"202","","Denis","Williams","Denis Williams","76","194","19","9","30","1997","USDL","1","Draft","-2","Draft","-2","N/A","0","","0","False","4","0","Memphis","Jersey City","NJ","61","78","63","98","3","13","56","11","18","2","0","4","3","23","4","4","78","57","52","32","F","D","C","D","D","F","F","F","F","C","F","F","F","F","29","51","0","0","0","0","0","0","0","0","0","0","0","0","0","0","0","0","0","0","0","0","0"
"203","","Tod","Martinez","Tod Martinez","80","215","31","5","14","1985","USDL","1","Reno","13","Reno","13","N/A","0","","0","False","3","11","Old Dominion","Rochester","NY","38","24","30","69","26","9","34","22","13","7","7","19","12","74","5","14","66","57","63","45","D","F","D","D","F","F","F","D","F","A","F","F","F","F","54","59","0","6","0","0","225419","0","0","0","0","0","0","0","0","0","0","0","0","0","0","0","2"
"204","","Pegeen","Demopoulos","Pegeen Demopoulos","82","199","32","1","15","1985","USDL","1","Iowa","10","Iowa","10","N/A","0","Jammed Finger","0","False","2","13","None","Ródos","Greece","68","33","45","18","13","41","62","6","13","23","46","25","53","15","9","58","36","71","77","37","F","C","B","F","F","D","C","D","B","F","F","C","D","D","63","68","0","4","0","0","303048","307339","0","0","0","0","0","0","0","0","0","0","0","0","0","0","0"
"205","","Lloyd","Oshiro","Lloyd Oshiro","78","201","32","3","21","1985","USDL","1","FA","-1","FA","-1","N/A","0","","0","True","3","11","Baylor","Austin","TX","3","28","77","45","11","9","39","31","40","7","20","10","4","15","39","24","32","46","51","36","F","F","C","D","C","F","D","F","F","D","C","D","F","F","33","33","0","0","0","0","0","0","0","0","0","0","0","0","0","0","0","0","0","0","0","0","0"
"206","","Kenneth","Nichols","Kenneth Nichols","80","225","22","8","26","1994","USDL","1","Texas","17","Texas","17","N/A","0","","0","False","4","2","Florida State","Tallahassee","FL","45","2","94","20","16","19","52","4","19","6","1","10","14","24","11","7","50","62","50","38","D","D","C","F","D","F","F","F","D","D","D","F","F","F","35","46","0","0","0","0","11100","12900","0","0","0","0","0","0","0","0","0","0","0","0","0","0","1"
"232","","Antanas","Kishkis","Antanas Kishkis","77","209","24","4","7","1993","USDL","1","Reno","13","Reno","13","N/A","0","Bruised Hip","0","False","4","1","None","Kaunas","Lithuania","46","39","70","87","6","33","56","25","29","11","3","2","1","10","7","8","65","23","72","47","F","B","B","D","C","F","F","F","F","F","F","F","F","F","39","55","0","1","0","0","7600","11100","0","0","0","0","0","0","0","0","0","0","0","0","0","0","0"
"233","","Lloyd","Bray","Lloyd Bray","82","213","21","10","4","1995","USDL","1","Draft","-2","Draft","-2","N/A","0","","0","False","1","0","Marist","Philadelphia","PA","43","51","89","72","6","4","36","0","9","4","0","4","12","2","6","2","1","51","50","26","F","F","D","F","D","F","F","F","D","F","F","F","F","F","20","29","0","0","0","0","0","0","0","0","0","0","0","0","0","0","0","0","0","0","0","0","0"
"234","","James","Digiacomo","James Digiacomo","77","204","26","11","26","1990","USDL","1","Sioux Falls","16","Sioux Falls","16","N/A","0","","0","True","4","5","Memphis","Holland","IN","21","24","97","84","19","18","50","0","48","12","6","12","6","20","28","1","63","66","69","19","D","D","C","F","C","F","F","F","F","D","D","F","F","F","35","38","0","0","0","0","14100","0","0","0","0","0","0","0","0","0","0","0","0","0","0","0","0"
"235","","Jaime","Warren","Jaime Warren","77","213","33","8","3","1983","USDL","1","FA","-1","FA","-1","N/A","0","Concussion","0","True","4","10","Auburn","Byram","MS","83","28","40","32","5","9","36","13","10","1","5","18","8","26","16","20","66","27","80","22","F","F","C","F","F","F","F","D","F","D","D","D","F","F","31","33","0","0","0","0","0","0","0","0","0","0","0","0","0","0","0","0","0","0","0","0","0"
"236","","Jamar","Moore","Jamar Moore","77","214","28","6","26","1988","USDL","1","Fort Wayne","8","Fort Wayne","8","N/A","0","","0","False","4","9","Albany","New York","NY","1","3","45","20","19","17","44","14","37","6","5","16","9","68","34","29","76","39","63","34","D","F","C","F","C","F","F","F","F","B","D","D","F","D","56","62","0","0","0","0","0","0","0","0","0","0","0","0","0","0","0","0","0","0","0","0","0"
"237","","Fiorenzo","Perotti","Fiorenzo Perotti","77","176","24","4","30","1992","USDL","1","Fort Wayne","8","Fort Wayne","8","N/A","0","Broken Finger","0","False","3","2","None","Marino","Italy","39","10","1","19","14","42","79","1","8","17","9","5","6","5","12","18","80","69","99","74","F","B","B","F","F","F","F","F","F","F","F","D","F","D","51","61","0","2","0","0","36860","40049","43238","0","0","0","0","0","0","0","0","0","0","0","0","0","1"
"238","","Joshua","Jones","Joshua Jones","80","212","24","8","9","1992","USDL","1","Bakersfield","5","Bakersfield","5","N/A","0","Jammed Finger","0","False","3","4","Furman","Atlanta","GA","94","2","97","17","3","28","75","23","16","3","5","15","7","41","7","4","59","57","46","44","F","C","B","C","D","F","F","D","F","B","F","F","F","D","46","63","0","0","0","0","17002","0","0","0","0","0","0","0","0","0","0","0","0","0","0","0","3"
"239","","Severino","Nadol","Severino Nadol","73","199","28","4","14","1989","USDL","1","FA","-1","FA","-1","N/A","0","","0","True","4","7","Illinois","North Arlington","NJ","37","65","30","69","9","14","39","17","36","15","6","13","7","15","20","7","68","60","72","48","F","F","C","D","C","F","F","F","F","D","D","F","F","F","33","38","0","0","0","0","0","0","0","0","0","0","0","0","0","0","0","0","0","0","0","0","0"
"240","","John","Nevels","John Nevels","78","213","28","3","15","1989","USDL","1","FA","-1","FA","-1","N/A","0","","0","True","4","9","Creighton","Omaha","NE","5","40","76","7","9","22","52","27","37","10","11","16","9","7","9","7","53","44","54","28","F","D","C","D","C","F","F","F","F","F","F","F","F","F","37","40","0","0","0","0","0","0","0","0","0","0","0","0","0","0","0","0","0","0","0","0","0"
"241","","Jamie","McCullum","Jamie McCullum","77","183","33","2","23","1984","USDL","1","Los Angeles","11","Los Angeles","11","N/A","0","","0","False","4","12","Gonzaga","Union Hill-Novelty Hill","WA","2","44","94","88","3","33","62","34","22","13","14","19","8","40","14","6","68","44","63","46","F","D","B","D","D","F","F","D","F","C","F","F","F","F","51","52","0","2","0","0","23800","0","0","0","0","0","0","0","0","0","0","0","0","0","0","0","0"
"242","","Zackary","Lemons","Zackary Lemons","77","231","20","8","20","1996","USDL","1","FA","-1","FA","-1","N/A","0","","0","True","4","1","Pittsburgh","New York","NY","5","45","44","63","19","14","45","7","12","10","5","9","7","11","10","0","55","47","55","30","D","D","C","F","F","F","F","F","F","F","D","F","F","F","28","38","0","0","0","0","0","0","0","0","0","0","0","0","0","0","0","0","0","0","0","0","0"
"243","","Andrew","Merritt","Andrew Merritt","76","206","27","1","3","1990","USDL","1","Canton","6","Canton","6","N/A","0","Broken Finger","0","False","4","5","None","Ettrick","VA","50","2","79","39","15","39","76","14","22","6","5","5","2","9","35","2","75","55","83","32","F","D","B","F","D","F","F","F","F","F","D","F","F","F","43","44","0","2","0","0","82988","86246","0","0","0","0","0","0","0","0","0","0","0","0","0","0","6"
"244","","Lewis","Miller","Lewis Miller","74","187","26","6","3","1990","USDL","1","FA","-1","FA","-1","N/A","0","","0","True","4","5","Oklahoma","Owasso","OK","4","4","64","50","7","50","71","30","3","6","7","16","6","11","22","12","57","57","48","38","F","C","A","D","F","F","F","F","F","F","D","F","F","F","34","35","1","0","0","0","0","0","0","0","0","0","0","0","0","0","0","0","0","0","0","0","0"
"245","","Raymond","Lilley","Raymond Lilley","80","211","26","1","10","1991","USDL","1","Iowa","10","Iowa","10","N/A","0","Sprained Knee","3","False","3","5","Tulsa","Tulsa","OK","1","44","2","26","18","23","71","35","50","15","4","18","24","29","11","6","81","52","80","33","D","D","B","C","C","D","F","D","D","C","F","F","D","C","62","84","0","7","0","0","197665","206342","0","0","0","0","0","0","0","0","0","0","0","0","0","0","2"
"246","","Chris","McKenzie","Chris McKenzie","77","218","22","3","20","1995","USDL","1","Westchester","22","Westchester","22","N/A","0","","0","False","5","1","None","Montgomery Village","MD","84","32","57","20","3","41","58","27","28","8","2","4","18","5","21","16","65","48","44","46","F","C","B","C","C","F","F","F","D","F","D","D","F","F","43","51","0","3","0","0","7600","11100","0","0","0","0","0","0","0","0","0","0","0","0","0","0","0"
"247","","Regimantas","Nauiokas","Regimantas Nauiokas","77","200","36","7","2","1980","USDL","1","Bakersfield","5","Bakersfield","5","N/A","0","Broken Jaw","0","False","4","16","None","Klaipeda","Lithuania","47","32","83","26","36","28","63","21","58","30","0","8","19","36","22","6","66","51","95","48","D","D","B","D","B","D","F","F","D","D","D","F","D","D","63","66","0","9","1","0","350000","378000","406000","0","0","0","0","0","0","0","2","0","0","0","0","0","0"
"248","","Carl","Martin","Carl Martin","77","227","32","1","19","1985","USDL","1","Iowa","10","Iowa","10","N/A","0","Severe Migraines","0","False","4","8","Coastal Carolina","North Miami Beach","FL","6","37","23","92","13","23","43","10","43","2","24","9","11","37","33","15","88","66","90","27","F","D","C","F","C","F","D","F","F","D","D","F","F","F","50","53","0","6","0","0","184299","202729","221159","239589","0","0","0","0","0","0","0","0","0","0","0","0","0"
"249","","Gregory","Riojas","Gregory Riojas","79","207","28","12","15","1988","USDL","1","Idaho","9","Idaho","9","N/A","0","Sprained Ankle","0","False","3","8","None","Sydney","Australia","80","32","4","93","41","51","45","10","35","14","2","9","14","18","16","1","74","35","71","25","C","C","C","F","D","F","F","F","F","F","F","F","D","D","60","62","0","8","0","0","245159","266257","287356","308454","0","0","0","0","0","0","0","0","0","0","0","0","1"
"250","","Douglas","Rohde","Douglas Rohde","77","188","23","4","15","1993","USDL","1","Bakersfield","5","Bakersfield","5","N/A","0","","0","True","4","1","Texas","Mesquite","TX","26","2","42","41","3","12","44","17","31","17","1","3","4","21","28","4","79","28","83","64","F","D","C","D","C","D","F","F","F","D","C","F","F","F","41","57","0","0","0","0","8335","11100","0","0","0","0","0","0","0","0","0","0","0","0","0","0","0"
"251","","Herbert","Davis","Herbert Davis","80","192","20","12","21","1996","USDL","1","Delaware","18","Delaware","18","N/A","0","","0","True","3","1","None","Philadelphia","PA","6","64","88","95","35","17","62","9","13","1","3","6","3","15","1","1","65","42","34","49","B","D","B","D","D","F","F","F","F","D","F","F","F","D","39","64","0","2","0","0","7600","11100","0","0","0","0","0","0","0","0","0","0","0","0","0","0","0"
"252","","Mitch","Rodriguez","Mitch Rodriguez","78","208","28","3","19","1989","USDL","1","Rio Grand Valley","14","Rio Grand Valley","14","N/A","0","Sprained Knee","6","False","3","6","Bradley","Edina","MN","31","32","59","15","17","39","62","22","27","19","5","6","4","6","49","10","57","41","57","28","D","C","B","D","D","D","F","F","F","F","C","F","F","F","46","55","0","4","0","0","61364","63247","65130","0","0","0","0","0","0","0","0","0","0","0","0","0","5"
"253","","Patrick","Johnson","Patrick Johnson","78","189","25","8","5","1991","USDL","1","Maine","12","Maine","12","N/A","0","","0","False","4","3","Vanderbilt","Huber Heights","OH","73","9","52","73","6","46","70","10","13","8","5","2","10","18","23","4","53","44","73","19","F","C","A","F","F","F","F","F","F","F","D","F","F","F","37","40","0","0","0","0","12900","0","0","0","0","0","0","0","0","0","0","0","0","0","0","0","0"
"254","","Harold","Benson","Harold Benson","77","184","24","7","8","1992","USDL","1","FA","-1","FA","-1","N/A","0","","0","True","4","3","Maryland","Lorain","OH","38","61","73","29","9","13","49","7","10","5","7","10","1","5","13","0","55","68","54","28","D","D","C","F","D","F","F","F","F","F","D","F","F","F","25","37","0","0","0","0","0","0","0","0","0","0","0","0","0","0","0","0","0","0","0","0","0"
"255","","Marvin","Johnson","Marvin Johnson","74","160","21","3","14","1996","USDL","1","Draft","-2","Draft","-2","N/A","0","","0","False","5","0","Syracuse","New Britain","CT","10","36","61","56","9","4","30","4","20","9","2","6","4","36","10","3","74","34","62","28","F","F","D","F","D","F","F","F","F","C","F","F","F","F","27","36","0","0","0","0","0","0","0","0","0","0","0","0","0","0","0","0","0","0","0","0","0"
"256","","Anastas","Sotomayor","Anastas Sotomayor","77","215","25","3","30","1992","USDL","1","Maine","12","Maine","12","N/A","0","Sprained Ankle","0","False","3","4","Stanford","San Francisco","CA","75","18","56","34","14","39","50","23","5","7","9","5","26","18","24","5","68","73","80","28","D","B","C","D","F","F","F","F","D","D","D","F","F","D","51","73","0","3","0","0","39239","0","0","0","0","0","0","0","0","0","0","0","0","0","0","0","3"
"257","","Buster","Daniel","Buster Daniel","77","208","28","5","17","1988","USDL","1","Los Angeles","11","Los Angeles","11","N/A","0","Stress Fracture","0","False","4","5","Massachusetts","Taylor","MI","8","36","86","88","25","53","63","7","27","2","1","10","2","28","10","4","90","44","97","75","D","C","B","F","D","F","F","F","F","D","F","F","D","D","64","67","0","11","2","0","219781","247254","274726","302199","329672","0","0","0","0","0","0","0","0","0","0","0","0"
"258","","Jerry","Stein","Jerry Stein","80","222","34","3","20","1983","USDL","1","FA","-1","FA","-1","N/A","0","","0","False","4","11","San Francisco","Modesto","CA","98","24","54","67","17","37","59","14","40","14","9","10","2","10","39","4","55","55","34","15","F","D","B","F","C","F","F","F","F","F","C","F","F","F","37","39","0","1","0","0","0","0","0","0","0","0","0","0","0","0","0","0","0","0","0","0","0"
"259","","Orlando","Monge","Orlando Monge","77","196","32","3","30","1985","USDL","1","Toronto","21","Toronto","21","N/A","0","","0","False","3","10","Maryland","Wheaton-Glenmont","MD","66","32","92","58","6","76","88","29","28","11","31","20","25","18","31","3","65","55","74","37","F","B","A","D","D","F","D","D","D","F","D","F","D","D","61","64","0","9","1","0","0","0","0","0","0","0","0","0","0","0","0","0","0","0","0","0","0"
"260","","Aron","Behling","Aron Behling","78","193","25","10","25","1991","USDL","1","Los Angeles","11","Los Angeles","11","N/A","0","","0","False","3","4","Texas-San Antonio","Eldorado","TX","59","2","78","8","9","14","44","28","18","17","15","4","9","18","7","6","71","67","70","66","F","F","C","D","D","D","F","F","F","D","F","F","F","F","50","56","0","4","1","0","39239","0","0","0","0","0","0","0","0","0","0","0","0","0","0","0","3"
"261","","David","Nelson","David Nelson","83","227","22","1","24","1995","USDL","1","Draft","-2","Draft","-2","N/A","0","","0","False","2","0","Tennessee Tech","Gainesville","FL","51","49","90","62","1","18","45","33","18","8","9","20","10","9","1","13","16","64","28","20","F","D","C","C","D","F","F","C","F","F","F","D","F","F","31","45","0","0","0","0","0","0","0","0","0","0","0","0","0","0","0","0","0","0","0","0","0"
"262","","Russ","Callahan","Russ Callahan","77","230","29","7","15","1987","USDL","1","Sioux Falls","16","Sioux Falls","16","N/A","0","Concussion","0","False","4","9","Oregon","Corvallis","OR","2","36","87","47","10","66","71","66","33","5","6","13","2","45","6","4","82","71","70","32","F","B","B","B","D","F","F","F","F","C","F","F","C","C","81","90","0","16","2","0","300000","311085","322169","0","0","0","0","0","0","0","0","0","0","0","0","0","2"
"263","","Gary","Goodrich","Gary Goodrich","78","203","22","4","15","1994","USDL","1","Oklahoma City","20","Oklahoma City","20","N/A","0","","0","False","4","1","New Mexico State","Santa Fe","NM","44","2","94","3","13","21","75","0","19","2","11","17","8","37","9","1","56","54","79","47","D","C","B","F","D","F","F","D","F","B","D","F","F","D","40","60","0","0","0","0","8335","11100","0","0","0","0","0","0","0","0","0","0","0","0","0","0","0"
"264","","Demetrius","Durkin","Demetrius Durkin","87","228","19","2","27","1998","USDL","1","Draft","-2","Draft","-2","N/A","0","","0","False","1","0","UNLV","Ogden","UT","12","75","10","36","5","8","41","0","20","0","14","16","24","1","9","18","6","47","33","32","F","F","C","F","D","F","D","D","C","F","F","D","F","F","34","53","0","0","0","0","0","0","0","0","0","0","0","0","0","0","0","0","0","0","0","0","0"
"265","","Kirk","Rodriguez","Kirk Rodriguez","77","196","23","7","16","1993","USDL","1","Maine","12","Maine","12","N/A","0","Broken Foot","0","False","3","2","Texas","Arlington","TX","59","59","89","91","6","62","68","11","31","13","4","5","6","22","21","1","64","37","74","17","F","B","B","F","C","F","F","F","F","D","D","F","F","F","43","56","0","4","0","0","14727","16568","18409","0","0","0","0","0","0","0","0","0","0","0","0","0","1"
"266","","Charles","Baker","Charles Baker","75","195","29","8","7","1987","USDL","1","Bakersfield","5","Bakersfield","5","N/A","0","","0","False","3","9","Houston","Dallas","TX","30","36","36","86","8","42","50","20","25","8","3","6","13","16","31","13","84","31","89","84","F","C","C","D","D","F","F","F","F","F","D","F","F","F","51","54","0","4","1","0","175382","0","0","0","0","0","0","0","0","0","0","0","0","0","0","0","4"
"267","","Ralph","Davis","Ralph Davis","74","224","31","1","26","1986","USDL","1","FA","-1","FA","-1","N/A","0","","0","True","4","12","Kent State","Ephrata","PA","28","67","2","63","36","30","62","0","18","4","8","40","8","14","22","25","58","58","43","37","D","D","B","F","F","F","F","C","F","F","D","D","F","F","34","36","0","1","0","0","0","0","0","0","0","0","0","0","0","0","0","0","0","0","0","0","0"
"268","","Ulysses","Moore","Ulysses Moore","79","224","31","8","11","1985","USDL","1","Maine","12","Maine","12","N/A","0","Torn Ligament","0","False","4","10","Eastern Washington","Kent","WA","93","27","77","95","5","13","44","29","37","7","15","5","3","25","54","8","84","23","92","55","F","F","C","D","C","F","F","F","F","D","C","F","F","F","53","56","0","6","0","0","206677","227345","248012","268680","289348","310016","0","0","0","0","0","0","0","0","0","0","7"
"269","","Derek","Canada","Derek Canada","78","218","24","12","6","1992","USDL","1","Reno","13","Reno","13","N/A","0","Stiff Neck","0","False","4","1","Duke","Auburn Hills","MI","38","33","75","2","32","29","52","5","8","7","11","5","1","35","28","4","76","32","94","67","C","C","C","F","F","D","F","F","F","C","C","F","F","D","57","77","0","5","0","0","32203","34815","37427","40039","0","0","0","0","0","0","0","0","0","0","0","0","0"
"270","","William","Campbell","William Campbell","77","194","30","12","8","1986","USDL","1","Rio Grand Valley","14","Rio Grand Valley","14","N/A","0","Broken Foot","0","False","4","9","None","New York","NY","43","30","37","73","16","14","37","33","14","14","22","0","7","52","17","3","70","25","72","85","D","F","C","D","F","F","D","F","F","C","F","F","F","F","55","58","0","2","0","0","0","0","0","0","0","0","0","0","0","0","0","0","0","0","0","0","0"
"271","","John","Collins","John Collins","74","222","20","7","28","1996","USDL","1","Santa Cruz","15","Santa Cruz","15","N/A","0","Stress Fracture","0","False","5","1","Syracuse","Allentown","PA","19","39","82","7","37","18","44","13","11","16","2","5","10","30","20","8","77","40","94","55","D","D","C","F","F","F","F","F","F","D","D","F","F","F","46","48","0","7","0","0","16598","18673","20748","22822","0","0","0","0","0","0","0","0","0","0","0","0","0"
"272","","Marvin","Williams","Marvin Williams","76","226","31","7","1","1985","USDL","1","Fort Wayne","8","Fort Wayne","8","N/A","0","Groin Pull","0","False","4","12","New Orleans","Chalmette","LA","56","26","58","22","48","14","42","30","5","16","9","50","10","15","5","30","78","45","96","59","C","F","C","D","F","F","F","C","F","F","F","D","D","D","61","65","0","15","3","0","0","0","0","0","0","0","0","0","0","0","0","0","0","0","0","0","0"
"273","","Malcolm","Tyson","Malcolm Tyson","76","190","26","6","3","1990","USDL","1","FA","-1","FA","-1","N/A","0","","0","True","4","7","Texas","Irving","TX","33","46","48","90","3","37","50","5","20","8","1","11","7","40","10","10","58","72","80","19","F","D","C","F","D","F","F","F","F","C","F","F","F","F","35","37","0","0","0","0","0","0","0","0","0","0","0","0","0","0","0","0","0","0","0","0","0"
"274","","Omar","Chase","Omar Chase","77","210","21","12","9","1995","USDL","1","Grand Rapids","19","Grand Rapids","19","N/A","0","","0","True","4","0","Missouri State","Kansas City","MO","5","60","20","78","4","24","38","0","26","16","9","5","2","16","27","7","57","73","39","29","F","C","D","F","C","D","F","F","F","D","C","F","F","F","28","42","0","0","0","0","0","0","0","0","0","0","0","0","0","0","0","0","0","0","0","0","0"
"275","","Truman","Beasley","Truman Beasley","79","228","26","10","21","1990","USDL","1","Canton","6","Canton","6","N/A","0","Bulging Disc","0","False","3","4","Brigham Young","Porterville","CA","25","15","46","48","11","47","82","42","53","15","1","12","5","7","7","8","60","45","65","31","F","C","A","C","C","F","F","F","F","F","F","F","F","F","52","56","0","8","0","0","65229","0","0","0","0","0","0","0","0","0","0","0","0","0","0","0","3"
"276","","Tad","Lamontagne","Tad Lamontagne","76","207","23","1","27","1994","USDL","1","FA","-1","FA","-1","N/A","0","","0","True","4","1","Hawaii","Honolulu","HI","2","33","64","7","7","11","42","14","35","12","7","18","5","35","3","4","55","64","34","38","F","D","C","D","C","D","F","D","F","C","F","F","F","F","30","43","0","0","0","0","0","0","0","0","0","0","0","0","0","0","0","0","0","0","0","0","0"
"277","","Andrew","Tupper","Andrew Tupper","76","192","29","4","29","1987","USDL","1","Fort Wayne","8","Fort Wayne","8","N/A","0","","0","False","3","8","North Texas","Milwaukee","WI","93","12","1","86","8","31","63","21","19","11","13","8","11","7","12","0","75","41","94","48","F","D","B","D","F","F","F","F","F","F","F","F","F","F","43","44","0","6","0","0","73636","74153","0","0","0","0","0","0","0","0","0","0","0","0","0","0","2"
"278","","Caleb","Carpio","Caleb Carpio","72","194","29","3","27","1988","USDL","1","FA","-1","FA","-1","N/A","0","Broken Foot","0","False","4","6","Bradley","Detroit","MI","5","22","29","77","24","48","68","20","10","5","15","16","1","48","25","9","66","25","50","29","D","C","B","D","F","F","F","F","F","C","D","F","F","F","38","39","0","0","0","0","0","0","0","0","0","0","0","0","0","0","0","0","0","0","0","0","0"
"279","","Kris","Wessel","Kris Wessel","78","196","30","1","26","1987","USDL","1","Delaware","18","Delaware","18","N/A","0","Broken Arm","0","False","4","9","Syracuse","New York","NY","92","46","5","36","24","50","69","26","36","11","6","5","5","53","77","7","72","42","65","36","D","C","A","D","C","F","F","F","F","B","A","F","D","D","70","76","0","24","2","0","300000","324000","348000","372000","396000","420000","0","0","0","0","0","0","0","0","0","0","0"
"280","","Charles","Houston","Charles Houston","74","179","20","7","13","1996","USDL","1","Draft","-2","Draft","-2","N/A","0","","0","False","5","0","Wisconsin","Midland","MI","88","89","23","90","6","39","84","10","11","14","0","1","1","21","21","1","74","11","64","31","F","B","A","D","F","D","F","F","F","C","C","F","F","F","33","49","0","0","0","0","0","0","0","0","0","0","0","0","0","0","0","0","0","0","0","0","0"
"281","","Brian","Bowman","Brian Bowman","80","225","20","6","13","1996","USDL","1","Draft","-2","Draft","-2","N/A","0","","0","False","2","0","New Mexico State","Meeker","CO","56","62","68","97","5","5","35","8","12","7","41","33","10","1","1","2","33","61","36","39","F","F","D","F","F","F","C","D","F","F","F","F","F","F","35","41","0","0","0","0","0","0","0","0","0","0","0","0","0","0","0","0","0","0","0","0","0"
"282","","Carroll","Hefner","Carroll Hefner","75","195","31","8","27","1985","USDL","1","Erie","7","Erie","7","N/A","0","","0","False","5","8","Saint Mary's","Ridgecrest","CA","50","50","14","7","21","51","78","21","17","19","1","23","8","15","34","3","61","52","34","58","D","C","A","D","D","F","F","D","F","F","D","F","F","F","46","49","0","9","3","0","120393","132432","0","0","0","0","0","0","0","0","0","0","0","0","0","0","6"
"292","","Larry","Wilson","Larry Wilson","78","175","34","4","7","1983","USDL","1","Westchester","22","Westchester","22","N/A","0","Bruised Hip","0","False","4","12","Illinois State","Nowata","OK","45","23","48","97","22","43","67","31","52","9","4","19","3","53","3","4","63","44","56","30","D","C","A","D","C","F","F","D","F","C","F","F","F","D","57","61","0","4","0","0","276730","0","0","0","0","0","0","0","0","0","0","0","0","0","0","0","6"
"293","","Darrin","Jackson","Darrin Jackson","75","173","21","1","22","1996","USDL","1","Erie","7","Erie","7","N/A","0","Sprained Knee","7","False","5","1","Campbell","Colona","IL","64","38","46","37","7","59","44","11","21","24","7","6","8","28","9","24","86","54","60","87","F","B","C","F","D","D","F","F","D","D","F","D","F","D","53","65","0","10","2","0","29230","32153","35076","37999","0","0","0","0","0","0","0","0","0","0","0","0","0"
"294","","Emmett","James","Emmett James","73","207","32","7","23","1984","USDL","1","Idaho","9","Idaho","9","N/A","0","","0","False","4","10","Morehead State","Olney","IL","47","37","19","36","34","43","52","28","37","8","5","26","12","8","17","11","74","56","69","31","D","C","C","D","D","F","F","D","F","F","D","F","F","F","44","47","0","6","0","0","88923","0","0","0","0","0","0","0","0","0","0","0","0","0","0","0","1"
"295","","Israel","Smith","Israel Smith","74","178","21","1","6","1996","USDL","1","Santa Cruz","15","Santa Cruz","15","N/A","0","","0","False","4","1","Winthrop","Cleveland","OH","83","2","13","55","20","49","43","11","17","31","3","1","6","30","9","9","73","44","61","18","C","B","C","F","D","C","F","F","F","C","F","F","F","D","42","60","0","0","0","0","7600","11100","0","0","0","0","0","0","0","0","0","0","0","0","0","0","0"
"296","","Wu","Xú","Wu Xú","72","173","31","12","18","1985","USDL","1","Los Angeles","11","Los Angeles","11","N/A","0","Sprained Knee","0","False","5","11","None","Shanghai","China","89","13","88","68","35","44","68","0","34","6","3","12","4","25","62","9","82","52","59","82","C","C","B","F","D","F","F","F","F","D","B","F","F","F","55","59","0","31","11","3","247316","278230","0","0","0","0","0","0","0","0","0","0","0","0","0","0","0"
"297","","Harold","Schaub","Harold Schaub","74","177","28","12","4","1988","USDL","1","Toronto","21","Toronto","21","N/A","0","Broken Ankle","0","False","5","4","San Diego State","Florence-Graham","CA","20","20","42","64","15","39","77","11","46","15","11","14","1","48","26","1","94","40","99","47","D","C","A","F","B","F","F","F","F","C","D","F","F","D","55","66","1","5","0","0","54647","0","0","0","0","0","0","0","0","0","0","0","0","0","0","0","3"
"298","","Richard","Perez","Richard Perez","72","209","35","10","20","1981","USDL","1","FA","-1","FA","-1","N/A","0","Scratched Cornea","0","False","5","12","None","Buechel","KY","58","2","29","77","28","22","42","13","53","28","5","3","12","8","26","8","60","29","56","29","D","D","C","F","C","D","F","F","F","F","D","F","F","F","39","41","0","0","0","0","0","0","0","0","0","0","0","0","0","0","0","0","0","0","0","0","0"
"299","","Morgan","Collins","Morgan Collins","75","214","30","11","15","1986","USDL","1","FA","-1","FA","-1","N/A","0","","0","True","5","9","Cal State Fullerton","Oakdale","CA","34","28","21","37","10","31","59","5","43","19","9","4","4","18","16","3","77","30","57","52","F","D","B","F","C","D","F","F","F","F","F","F","F","F","40","42","0","0","0","0","0","0","0","0","0","0","0","0","0","0","0","0","0","0","0","0","0"
"309","","Alfonso","Burke","Alfonso Burke","84","235","22","2","18","1995","USDL","1","Draft","-2","Draft","-2","N/A","0","","0","False","1","0","Nebraska","Eufaula","OK","85","27","5","26","23","38","36","0","16","21","41","40","35","9","3","44","29","79","60","63","D","C","D","F","D","D","C","C","D","F","F","C","D","D","69","77","0","0","0","0","0","0","0","0","0","0","0","0","0","0","0","0","0","0","0","0","0"
"310","","Troy","Taylor","Troy Taylor","75","177","23","7","25","1993","USDL","1","Fort Wayne","8","Fort Wayne","8","N/A","0","Dislocated Shoulder","0","False","5","1","Utah","El Monte","CA","3","47","94","12","14","28","65","10","13","43","6","13","4","60","38","8","75","38","49","48","F","D","B","F","D","C","F","D","F","B","C","F","F","D","54","67","0","6","0","0","23781","25254","26726","28199","0","0","0","0","0","0","0","0","0","0","0","0","0"
"311","","John","Doggett","John Doggett","71","159","34","12","24","1982","USDL","1","FA","-1","FA","-1","N/A","0","","0","False","5","14","Oklahoma","Stillwater","OK","10","32","27","13","18","18","39","8","57","41","14","6","18","15","16","8","60","39","47","22","D","F","C","F","B","C","F","F","D","F","F","F","F","F","38","41","0","3","0","0","0","0","0","0","0","0","0","0","0","0","0","0","0","0","0","0","0"
"312","","Abram","Parker","Abram Parker","75","190","34","4","23","1982","USDL","1","Oklahoma City","20","Oklahoma City","20","N/A","0","Torn Abdominal Muscle","0","False","5","12","Ohio","Norfolk","VA","28","22","13","40","7","60","75","15","20","6","10","9","9","30","31","5","94","42","67","25","F","B","A","F","D","F","F","F","F","D","D","F","F","F","48","53","0","5","0","0","166467","172111","177756","0","0","0","0","0","0","0","0","0","0","0","0","0","0"
"313","","Jarrett","Unruh","Jarrett Unruh","73","177","43","12","18","1973","USDL","1","Reno","13","Reno","13","N/A","0","Broken Finger","0","False","5","24","Oklahoma","Lubbock","TX","87","14","13","3","44","34","62","41","36","48","3","8","2","26","22","0","72","37","39","38","C","D","B","C","D","C","F","F","F","D","D","F","F","D","59","62","0","8","0","0","276730","292142","0","0","0","0","0","0","0","0","0","0","0","0","0","0","0"
"314","","Demarcus","Whittaker","Demarcus Whittaker","76","184","36","8","17","1980","USDL","1","Maine","12","Maine","12","N/A","0","Fractured Nose","0","False","5","17","Syracuse","Woodland","CA","80","47","3","11","27","41","75","0","42","23","3","21","11","20","10","8","67","36","83","49","D","C","B","F","C","D","F","D","F","D","F","F","F","F","50","54","0","7","1","0","166467","187275","0","0","0","0","0","0","0","0","0","0","0","0","0","0","2"
"315","","Chus","Guillen","Chus Guillen","79","216","28","7","15","1988","USDL","1","Westchester","22","Westchester","22","N/A","0","Torn Abdominal Muscle","0","False","3","8","Southern California","Los Angeles","CA","29","34","3","55","6","45","66","8","24","32","5","5","3","15","27","14","83","40","83","44","F","C","B","F","D","D","F","F","F","F","D","F","F","F","52","54","0","4","0","0","184299","191590","0","0","0","0","0","0","0","0","0","0","0","0","0","0","1"
"316","","Neal","Ramos","Neal Ramos","71","160","20","9","26","1996","USDL","1","Texas","17","Texas","17","N/A","0","","0","False","5","1","Richmond","Hudson","MA","48","32","29","8","26","36","53","18","16","8","20","16","10","44","14","0","87","44","95","51","D","C","C","D","F","F","D","D","F","B","F","F","F","F","50","59","0","7","0","0","20065","21305","22545","23785","0","0","0","0","0","0","0","0","0","0","0","0","0"
"283","","Chris","Lamothe","Chris Lamothe","78","184","23","2","11","1994","USDL","1","Texas","17","Texas","17","N/A","0","Ruptured Disc","0","False","4","1","Oklahoma","Tulsa","OK","39","32","25","34","16","19","46","6","18","10","7","23","2","24","2","4","83","67","96","46","D","D","C","F","D","D","F","C","F","C","F","F","F","D","47","69","0","6","0","0","14820","15031","15242","0","0","0","0","0","0","0","0","0","0","0","0","0","0"
"284","","Harold","Walker","Harold Walker","75","196","28","2","8","1989","USDL","1","Idaho","9","Idaho","9","N/A","0","Dislocated Shoulder","0","False","4","7","Fairleigh Dickinson","Riviera Beach","MD","66","29","59","72","5","84","80","8","16","6","24","12","1","22","15","10","62","34","86","48","F","A","A","F","F","F","D","F","F","D","F","F","F","F","47","50","0","6","2","0","21540","23263","0","0","0","0","0","0","0","0","0","0","0","0","0","0","0"
"285","","Buster","Jansen","Buster Jansen","78","203","26","5","11","1990","USDL","1","Santa Cruz","15","Santa Cruz","15","N/A","0","Sprained Knee","0","False","4","4","Tennessee","Palm Coast","FL","82","40","17","68","23","88","75","5","15","16","5","10","11","33","18","11","70","36","88","34","D","A","A","F","F","F","F","F","F","C","D","F","D","D","64","69","0","17","4","1","69608","0","0","0","0","0","0","0","0","0","0","0","0","0","0","0","3"
"286","","Stanley","Scott","Stanley Scott","73","214","22","3","13","1995","USDL","1","Idaho","9","Idaho","9","N/A","0","","0","False","5","2","Vanderbilt","La Follette","TN","35","2","64","2","39","18","52","26","1","23","8","9","5","23","10","6","63","66","69","21","C","D","C","D","F","D","F","F","F","C","F","F","F","F","37","51","0","0","0","0","11100","12900","0","0","0","0","0","0","0","0","0","0","0","0","0","0","1"
"287","","Zheng","Wong","Zheng Wong","82","231","21","10","3","1995","USDL","1","Draft","-2","Draft","-2","N/A","0","","0","False","2","0","None","Shanghai","China","52","19","56","70","8","13","28","0","17","5","6","5","4","0","8","4","10","53","23","34","F","D","D","F","D","F","F","F","F","F","F","F","F","F","20","28","0","0","0","0","0","0","0","0","0","0","0","0","0","0","0","0","0","0","0","0","0"
"288","","John","Bettencourt","John Bettencourt","77","220","29","10","16","1987","USDL","1","FA","-1","FA","-1","N/A","0","","0","False","4","5","Florida","Lancaster","PA","78","11","3","93","8","57","69","25","6","2","9","23","9","30","21","7","52","55","49","34","F","C","B","D","F","F","F","D","F","D","D","F","F","F","44","45","0","2","0","0","0","0","0","0","0","0","0","0","0","0","0","0","0","0","0","0","0"
"289","","John","Villasenor","John Villasenor","78","178","25","4","8","1992","USDL","1","Delaware","18","Delaware","18","N/A","0","","0","False","3","5","Akron","Glendale","CA","41","20","88","60","32","30","63","1","12","6","4","7","9","32","32","4","67","55","84","25","D","D","B","F","D","F","F","F","F","D","D","F","F","F","47","51","0","5","0","0","74102","83365","92628","0","0","0","0","0","0","0","0","0","0","0","0","0","2"
"290","","Timothy","Calfee","Timothy Calfee","77","174","29","12","29","1987","USDL","1","Delaware","18","Delaware","18","N/A","0","","0","False","3","9","North Carolina","Cortland","NY","20","26","19","2","14","56","58","0","9","26","12","24","27","10","5","8","60","41","69","48","F","C","C","F","F","D","F","D","D","F","F","F","F","F","45","48","0","2","0","0","0","0","0","0","0","0","0","0","0","0","0","0","0","0","0","0","0"
"291","","Jason","Hall","Jason Hall","83","232","21","6","29","1995","USDL","1","Draft","-2","Draft","-2","N/A","0","","0","False","2","0","Princeton","Hempstead","NY","17","35","57","38","13","16","46","7","9","8","9","9","15","4","24","29","41","68","52","79","D","D","C","F","F","F","F","F","D","F","D","C","F","D","43","61","0","0","0","0","0","0","0","0","0","0","0","0","0","0","0","0","0","0","0","0","0"
"300","","Rickey","Tyler","Rickey Tyler","75","172","33","3","22","1984","USDL","1","Erie","7","Erie","7","N/A","0","Sprained Wrist","0","False","4","13","Auburn","Memphis","TN","25","37","20","62","27","26","51","38","12","20","5","12","24","17","49","11","63","54","47","23","D","D","C","D","F","D","F","F","D","F","C","F","F","F","46","48","0","1","0","0","23800","0","0","0","0","0","0","0","0","0","0","0","0","0","0","0","0"
"301","","Dennis","Leigh","Dennis Leigh","75","202","26","3","20","1991","USDL","1","Canton","6","Canton","6","N/A","0","Sprained Wrist","0","False","4","7","Maryland","Colesville","MD","2","35","90","22","23","66","58","0","31","5","6","16","5","49","13","8","81","29","93","30","D","B","B","F","D","F","F","D","F","B","F","F","F","D","54","66","0","7","0","0","146152","150988","155824","160659","0","0","0","0","0","0","0","0","0","0","0","0","2"
"302","","Frank","Burt","Frank Burt","79","186","30","12","13","1986","USDL","1","Idaho","9","Idaho","9","N/A","0","Strained Back","0","False","5","8","Binghamton","Gary","IN","99","13","99","3","16","39","68","16","54","30","5","7","12","53","11","5","78","19","63","30","F","C","B","F","C","D","F","F","F","C","F","F","F","D","59","61","0","3","0","0","231890","255079","278268","301457","324646","0","0","0","0","0","0","0","0","0","0","0","0"
"303","","Elliot","Anderson","Elliot Anderson","75","207","26","11","29","1990","USDL","1","FA","-1","FA","-1","N/A","0","","0","False","5","3","Stanford","Livingston","CA","49","30","72","55","7","25","55","7","25","28","0","1","2","26","30","4","75","11","71","26","F","D","C","F","D","D","F","F","F","D","D","F","F","F","38","39","0","0","0","0","0","0","0","0","0","0","0","0","0","0","0","0","0","0","0","0","0"
"304","","Otto","Haddad","Otto Haddad","73","193","20","1","31","1997","USDL","1","Sioux Falls","16","Sioux Falls","16","N/A","0","Sprained Knee","0","False","5","1","VCU","Hyattsville","MD","69","33","92","49","13","33","63","17","35","12","5","9","16","36","23","5","66","6","45","52","F","D","B","D","D","F","F","F","F","B","D","F","F","F","41","49","0","1","0","0","8335","11100","0","0","0","0","0","0","0","0","0","0","0","0","0","0","0"
"305","","Irving","Moody","Irving Moody","74","174","38","12","23","1978","USDL","1","Iowa","10","Iowa","10","N/A","0","Sprained Knee","0","False","5","14","Arkansas","Wichita","KS","81","24","57","53","18","49","79","45","39","38","7","15","2","30","24","6","68","25","42","26","D","B","A","C","D","C","F","F","F","D","D","F","F","F","54","58","0","11","0","0","270538","276646","0","0","0","0","0","0","0","0","0","0","0","0","0","0","7"
"306","","Vito","Rodas","Vito Rodas","75","220","30","5","9","1986","USDL","1","Maine","12","Maine","12","N/A","0","Bruised Jaw","0","False","5","11","Columbia","Victor","NY","18","6","35","45","12","31","68","32","36","10","16","1","5","13","3","5","62","19","78","23","F","D","B","D","C","F","F","F","F","F","F","F","F","F","36","39","0","1","0","0","23800","0","0","0","0","0","0","0","0","0","0","0","0","0","0","0","0"
"307","","Zou","Tann","Zou Tann","72","180","28","5","19","1988","USDL","1","FA","-1","FA","-1","N/A","0","","0","True","5","10","None","Yangjiang","China","54","40","76","22","14","23","47","18","25","29","4","27","6","10","10","6","81","43","67","28","F","D","C","F","D","D","F","D","F","F","F","F","F","F","37","40","0","0","0","0","0","0","0","0","0","0","0","0","0","0","0","0","0","0","0","0","0"
"308","","Rudolph","Williams","Rudolph Williams","73","202","30","3","31","1987","USDL","1","Fort Wayne","8","Fort Wayne","8","N/A","0","","0","False","5","6","Georgetown","Joppatowne","MD","37","84","65","82","24","18","44","15","62","38","1","24","3","22","16","25","57","4","60","20","D","F","C","F","B","D","F","D","F","D","F","D","F","F","42","44","0","0","0","0","15500","0","0","0","0","0","0","0","0","0","0","0","0","0","0","0","0"
"335","","Rodolfo","Linhares","Rodolfo Linhares","72","160","31","1","9","1986","USDL","1","FA","-1","FA","-1","N/A","0","","0","False","5","11","None","Cachoeirinha","Brazil","50","2","58","32","5","23","56","10","53","31","11","11","4","29","15","29","68","50","69","28","F","D","B","F","C","D","F","F","F","D","F","D","F","F","38","41","0","0","0","0","0","0","0","0","0","0","0","0","0","0","0","0","0","0","0","0","0"
"336","","Edmund","Crane","Edmund Crane","76","181","21","7","25","1995","USDL","1","Draft","-2","Draft","-2","N/A","0","","0","False","4","0","Maryland-East Shore","Tampa","FL","21","31","97","14","5","16","67","20","3","6","1","7","3","5","4","9","57","61","54","26","F","C","B","D","F","F","F","F","F","F","F","D","F","F","26","42","0","0","0","0","0","0","0","0","0","0","0","0","0","0","0","0","0","0","0","0","0"
"337","","Doug","Allen","Doug Allen","79","219","21","3","11","1996","USDL","1","Draft","-2","Draft","-2","N/A","0","","0","False","5","0","Houston","San Antonio","TX","33","30","68","91","9","23","64","5","9","22","5","4","1","27","13","0","86","56","76","54","D","C","B","F","F","C","F","F","F","C","D","F","F","D","46","69","0","0","0","0","0","0","0","0","0","0","0","0","0","0","0","0","0","0","0","0","0"
"338","","Allen","Pierson","Allen Pierson","74","186","31","5","27","1985","USDL","1","Grand Rapids","19","Grand Rapids","19","N/A","0","Patellar Tendanitis","0","False","5","12","Florida","West Samoset","FL","11","18","74","34","9","32","63","32","52","32","2","22","14","31","20","13","61","1","39","32","F","D","B","D","B","D","F","D","F","D","D","F","F","F","43","47","0","5","0","0","116184","0","0","0","0","0","0","0","0","0","0","0","0","0","0","0","6"
"339","","Brian","Rayburn","Brian Rayburn","77","198","20","12","27","1996","USDL","1","Draft","-2","Draft","-2","N/A","0","","0","False","4","0","Vanderbilt","Memphis","TN","26","8","11","50","14","25","83","16","19","12","4","4","2","14","0","1","69","39","53","74","D","C","A","C","C","D","F","F","F","D","F","F","F","D","44","74","0","0","0","0","0","0","0","0","0","0","0","0","0","0","0","0","0","0","0","0","0"
"340","","Howard","Anderson","Howard Anderson","78","203","31","10","25","1985","USDL","1","Santa Cruz","15","Santa Cruz","15","N/A","0","Dislocated Knee","0","False","5","9","Georgia","Columbus city","GA","25","41","38","88","32","35","66","31","35","35","8","1","5","30","7","6","78","22","85","50","D","D","B","D","D","D","F","F","F","D","F","F","D","D","65","66","0","7","0","0","259756","285732","311707","337683","0","0","0","0","0","0","0","0","0","0","0","0","1"
"341","","Richard","Martin","Richard Martin","74","220","29","2","11","1988","USDL","1","FA","-1","FA","-1","N/A","0","","0","True","5","10","Illinois State","Chicago","IL","35","65","96","90","11","30","46","42","9","11","10","4","6","10","21","2","66","64","50","30","F","D","B","C","F","F","F","F","F","F","D","F","F","F","35","38","0","0","0","0","0","0","0","0","0","0","0","0","0","0","0","0","0","0","0","0","0"
"342","","Cristopher","Garcia","Cristopher Garcia","74","155","22","8","23","1994","USDL","1","Rio Grand Valley","14","Rio Grand Valley","14","N/A","0","","0","False","5","1","North Texas","Clarksville","AR","5","36","94","15","4","44","74","34","36","14","0","9","2","32","22","8","68","25","84","51","F","B","A","C","C","D","F","F","F","C","D","F","F","D","47","66","0","7","0","0","12273","13500","14728","0","0","0","0","0","0","0","0","0","0","0","0","0","0"
"343","","Chris","Powell","Chris Powell","74","193","25","11","25","1991","USDL","1","Iowa","10","Iowa","10","N/A","0","","0","False","5","4","Gonzaga","Bozeman","MT","87","37","74","93","8","26","54","22","11","7","7","13","7","38","23","4","85","54","90","56","F","D","C","D","F","F","F","F","F","C","D","F","F","F","43","50","0","6","0","0","13500","0","0","0","0","0","0","0","0","0","0","0","0","0","0","0","0"
"317","","Fyodor","Kostina","Fyodor Kostina","73","203","32","8","14","1984","USDL","1","Bakersfield","5","Bakersfield","5","N/A","0","Strained Back","0","False","5","9","None","Seltso","Russia","24","12","22","57","21","12","35","21","20","24","5","5","5","42","38","4","84","54","99","57","D","F","C","D","D","D","F","F","F","C","D","F","F","F","54","56","0","7","2","0","215966","237563","259159","0","0","0","0","0","0","0","0","0","0","0","0","0","5"
"318","","Rudolph","Jones","Rudolph Jones","72","174","28","6","4","1988","USDL","1","Sioux Falls","16","Sioux Falls","16","N/A","0","","0","False","5","6","None","Odessa","TX","22","20","88","88","72","28","60","20","29","31","12","22","3","6","40","1","92","17","89","34","B","D","B","D","D","D","F","D","F","F","D","F","D","D","60","61","0","7","0","0","73871","79781","0","0","0","0","0","0","0","0","0","0","0","0","0","0","0"
"319","","Eliseo","Browning","Eliseo Browning","75","192","28","5","6","1988","USDL","1","Westchester","22","Westchester","22","N/A","0","Bruised Hip","0","False","4","9","Miami-Ohio","Hamilton","OH","9","32","93","78","15","40","49","20","9","10","5","9","3","25","19","0","79","35","48","33","F","C","B","D","F","F","F","F","F","D","D","F","F","F","40","44","0","4","1","0","20000","0","0","0","0","0","0","0","0","0","0","0","0","0","0","0","0"
"320","","Markus","Williams","Markus Williams","75","212","28","6","26","1988","USDL","1","Texas","17","Texas","17","N/A","0","","0","False","5","6","None","Toronto","Canada","85","55","56","32","10","43","80","9","32","19","4","5","3","42","22","3","68","10","66","45","F","C","B","F","D","D","F","F","F","C","D","F","F","F","43","46","0","6","0","0","61364","67500","0","0","0","0","0","0","0","0","0","0","0","0","0","0","2"
"321","","Darius","Melo","Darius Melo","79","203","29","1","20","1988","USDL","1","FA","-1","FA","-1","N/A","0","","0","True","5","8","Texas","Longview","TX","41","22","14","38","6","18","49","4","34","30","0","6","3","21","24","6","71","62","49","35","F","F","C","F","D","D","F","F","F","D","D","F","F","F","38","39","0","0","0","0","0","0","0","0","0","0","0","0","0","0","0","0","0","0","0","0","0"
"322","","Nicky","Harris","Nicky Harris","73","183","31","4","1","1986","USDL","1","FA","-1","FA","-1","N/A","0","","0","True","5","11","Brigham Young","Alameda","CA","76","3","72","84","22","23","41","7","48","22","2","1","14","29","14","2","63","28","39","34","D","D","C","F","C","D","F","F","F","D","F","F","F","F","37","38","0","0","0","0","0","0","0","0","0","0","0","0","0","0","0","0","0","0","0","0","0"
"323","","James","Harris","James Harris","74","218","27","4","22","1989","USDL","1","Sioux Falls","16","Sioux Falls","16","N/A","0","","0","False","3","6","Saint Joseph's","Marblehead","MA","64","30","95","50","13","33","51","34","36","56","5","15","13","16","6","9","74","46","93","46","F","D","B","D","C","C","F","F","F","F","F","F","F","D","57","60","0","4","0","0","165596","173988","182380","190772","199165","0","0","0","0","0","0","0","0","0","0","0","2"
"324","","Hector","Arsenault","Hector Arsenault","75","201","23","7","7","1993","USDL","1","Delaware","18","Delaware","18","N/A","0","Jammed Finger","0","False","5","1","Santa Clara","Meridian","ID","29","51","68","99","10","9","41","18","38","8","8","9","6","44","8","5","75","15","83","36","F","F","C","D","C","F","F","F","F","B","F","F","F","F","36","48","0","1","0","0","7600","11100","0","0","0","0","0","0","0","0","0","0","0","0","0","0","0"
"325","","Eloy","Rivera","Eloy Rivera","72","215","33","1","24","1984","USDL","1","Toronto","21","Toronto","21","N/A","0","","0","False","5","14","Cal State Northridge","San Jose","CA","76","9","17","47","8","13","42","16","46","8","1","5","1","67","49","23","64","39","68","43","F","F","C","F","C","F","F","F","F","B","C","D","F","F","43","46","1","1","0","0","116184","121210","0","0","0","0","0","0","0","0","0","0","0","0","0","0","1"
"326","","James","Paiz","James Paiz","75","200","26","3","7","1991","USDL","1","Rio Grand Valley","14","Rio Grand Valley","14","N/A","0","","0","True","5","6","DePaul","Freeport","IL","71","2","62","75","14","18","51","4","33","36","3","4","0","15","25","5","74","41","38","33","D","D","B","F","C","C","F","F","F","D","D","F","F","F","37","48","0","0","0","0","15500","0","0","0","0","0","0","0","0","0","0","0","0","0","0","0","0"
"327","","Darrick","Williams","Darrick Williams","75","173","28","8","2","1988","USDL","1","Grand Rapids","19","Grand Rapids","19","N/A","0","Sprained Knee","0","False","4","5","College of Charleston","Greenville","SC","17","2","10","72","18","33","61","22","19","12","8","8","1","20","22","7","77","53","51","37","D","D","B","D","D","F","F","F","F","D","D","F","F","F","41","44","0","3","0","0","14100","0","0","0","0","0","0","0","0","0","0","0","0","0","0","0","0"
"328","","Bruce","Jones","Bruce Jones","74","171","20","7","7","1996","USDL","1","Delaware","18","Delaware","18","N/A","0","","0","False","5","1","Massachusetts","Somerset","MA","96","48","12","36","35","14","52","29","14","7","1","13","1","31","9","1","74","40","56","60","C","F","C","C","D","F","F","F","F","C","F","F","F","F","42","56","0","3","0","0","7600","11100","0","0","0","0","0","0","0","0","0","0","0","0","0","0","0"
"329","","Barry","Pierce","Barry Pierce","75","165","27","12","16","1989","USDL","1","Iowa","10","Iowa","10","N/A","0","Jammed Finger","0","False","4","4","None","Barre","VT","21","42","58","70","7","60","48","0","25","20","2","3","7","34","17","21","80","10","67","44","F","B","C","F","D","D","F","F","F","C","D","D","F","F","45","51","0","5","0","0","17002","0","0","0","0","0","0","0","0","0","0","0","0","0","0","0","3"
"330","","Gary","Rager","Gary Rager","75","191","24","5","15","1992","USDL","1","Bakersfield","5","Bakersfield","5","N/A","0","","0","False","5","4","Tennessee","Pulaski","TN","30","23","93","2","17","38","87","4","54","34","2","17","4","49","47","10","74","21","40","42","D","C","A","F","B","C","F","D","F","C","B","F","F","D","54","65","0","0","0","0","0","0","0","0","0","0","0","0","0","0","0","0","0","0","0","0","0"
"331","","Mihec","Acman","Mihec Acman","80","239","21","6","10","1995","USDL","1","Draft","-2","Draft","-2","N/A","0","","0","False","3","0","None","Ptuj","Slovenia","25","98","57","91","13","14","42","0","5","3","24","9","5","25","10","5","38","67","62","21","D","F","C","F","F","F","D","F","F","C","F","F","F","F","30","38","0","0","0","0","0","0","0","0","0","0","0","0","0","0","0","0","0","0","0","0","0"
"332","","Joseph","King","Joseph King","74","220","27","3","8","1990","USDL","1","Los Angeles","11","Los Angeles","11","N/A","0","","0","False","3","3","Western Carolina","McMinnville","TN","69","2","57","84","11","28","54","2","45","8","2","27","7","48","47","9","72","60","49","36","F","D","B","F","C","F","F","D","F","C","C","F","F","F","41","45","0","1","0","0","12900","0","0","0","0","0","0","0","0","0","0","0","0","0","0","0","0"
"333","","Lou","Buck","Lou Buck","74","196","29","9","16","1987","USDL","1","Canton","6","Canton","6","N/A","0","Broken Foot","26","True","5","9","None","Mukwonago","WI","79","9","99","85","27","27","57","29","38","19","19","23","5","14","20","5","74","45","77","38","D","D","C","D","D","F","F","D","F","F","D","F","F","F","46","47","0","3","0","0","120393","126773","133153","139533","0","0","0","0","0","0","0","0","0","0","0","0","1"
"334","","Ervin","Burnett","Ervin Burnett","79","192","20","8","30","1996","USDL","1","Draft","-2","Draft","-2","N/A","0","","0","False","3","0","None","Barrie","Canada","7","3","100","94","31","20","57","5","46","2","12","12","25","43","36","13","36","68","62","38","D","D","C","F","C","F","F","F","D","B","D","F","F","F","46","52","0","0","0","0","0","0","0","0","0","0","0","0","0","0","0","0","0","0","0","0","0"
"344","","David","Hodges","David Hodges","75","210","32","1","15","1985","USDL","1","Grand Rapids","19","Grand Rapids","19","N/A","0","Inflamed Appendix","0","False","4","8","UAB","Tulsa","OK","98","22","17","98","13","30","53","17","30","9","8","50","11","47","75","4","93","9","53","47","F","D","B","F","D","F","F","C","F","C","A","F","F","F","52","58","0","7","0","0","206677","209140","211604","214067","0","0","0","0","0","0","0","0","0","0","0","0","4"
"345","","Gaylord","Davy","Gaylord Davy","71","218","29","8","24","1987","USDL","1","Fort Wayne","8","Fort Wayne","8","N/A","0","","0","False","5","5","Syracuse","Towson","MD","78","4","77","77","18","19","54","16","29","21","3","31","5","44","64","7","80","38","67","40","D","D","C","F","D","D","F","D","F","C","B","F","F","F","49","54","0","4","0","0","82988","91287","0","0","0","0","0","0","0","0","0","0","0","0","0","0","7"
"346","","Gregg","Menefee","Gregg Menefee","73","203","30","8","7","1986","USDL","1","Rio Grand Valley","14","Rio Grand Valley","14","N/A","0","Sprained Ankle","0","False","5","8","Georgia Southern","Augusta-Richmond County","GA","44","19","55","21","12","12","36","27","41","51","6","16","1","31","11","3","68","36","70","31","F","F","C","D","C","C","F","F","F","D","F","F","F","F","48","50","0","2","0","0","31984","0","0","0","0","0","0","0","0","0","0","0","0","0","0","0","0"
"347","","Theron","Randolph","Theron Randolph","76","187","21","4","10","1996","USDL","1","Draft","-2","Draft","-2","N/A","0","","0","False","5","0","None","Melbourne","Australia","48","3","67","43","5","13","54","4","10","6","3","0","3","7","4","1","66","6","41","44","F","D","B","F","D","F","F","F","F","D","F","F","F","F","21","33","0","0","0","0","0","0","0","0","0","0","0","0","0","0","0","0","0","0","0","0","0"
"348","","Daniel","Galloway","Daniel Galloway","75","178","30","5","8","1986","USDL","1","Reno","13","Reno","13","N/A","0","","0","False","5","8","Texas","San Antonio","TX","83","45","12","15","21","25","49","19","48","20","11","8","6","37","12","20","72","12","72","53","D","D","C","F","C","D","F","F","F","C","F","D","F","F","49","53","0","4","0","0","142686","146632","150579","154525","0","0","0","0","0","0","0","0","0","0","0","0","0"
"349","","Omar","Baker","Omar Baker","76","212","33","3","20","1984","USDL","1","Toronto","21","Toronto","21","N/A","0","","0","False","5","11","Oklahoma","Grand Prairie","TX","75","23","28","15","17","45","58","1","47","39","1","1","7","3","19","6","79","43","70","52","F","C","B","F","C","D","F","F","F","F","D","F","F","F","50","52","1","5","0","0","23800","0","0","0","0","0","0","0","0","0","0","0","0","0","0","0","0"
"350","","Steven","Asher","Steven Asher","74","190","25","11","7","1991","USDL","1","Westchester","22","Westchester","22","N/A","0","","0","False","5","1","Michigan State","Port Huron","MI","50","35","83","73","25","27","46","21","32","12","2","4","5","9","20","5","70","4","79","35","D","D","C","D","C","F","F","F","F","F","D","F","F","F","40","44","0","1","0","0","7600","0","0","0","0","0","0","0","0","0","0","0","0","0","0","0","0"
"351","","James","Wilson","James Wilson","75","212","29","6","30","1987","USDL","1","Oklahoma City","20","Oklahoma City","20","N/A","0","","0","False","4","11","Old Dominion","Fairhope","AL","29","45","56","28","15","50","69","65","25","9","7","38","6","49","32","18","90","26","97","74","F","C","A","B","D","F","F","D","F","C","D","D","D","C","78","84","0","37","2","3","350000","0","0","0","0","0","0","0","0","0","0","0","0","0","0","0","0"
"352","","Carlos","Smith","Carlos Smith","73","220","29","11","7","1987","USDL","1","Idaho","9","Idaho","9","N/A","0","Broken Rib","0","False","5","9","Utah","Oakley","CA","37","13","76","69","10","42","64","26","71","19","2","11","9","13","13","13","67","46","37","36","F","C","B","D","B","D","F","F","F","F","F","F","F","F","43","46","0","2","0","0","20000","0","0","0","0","0","0","0","0","0","0","0","0","0","0","0","0"
"353","","Chauncey","Johnson","Chauncey Johnson","76","198","30","3","13","1987","USDL","1","Bakersfield","5","Bakersfield","5","N/A","0","","0","False","4","7","Xavier","Ironton","OH","44","5","61","91","36","25","54","22","32","10","15","12","5","24","40","6","71","26","54","26","D","D","B","D","C","F","F","F","F","D","D","F","F","F","49","53","0","2","0","0","18500","0","0","0","0","0","0","0","0","0","0","0","0","0","0","0","0"
"354","","Royal","Hammers","Royal Hammers","71","166","27","10","7","1989","USDL","1","Maine","12","Maine","12","N/A","0","Broken Cheekbone","0","False","5","5","Morgan State","Corvallis","OR","94","22","13","88","33","44","65","19","50","24","5","1","3","25","9","10","93","14","52","36","C","B","B","D","C","D","F","F","F","D","F","F","F","D","53","67","0","2","0","0","146152","160767","0","0","0","0","0","0","0","0","0","0","0","0","0","0","1"
"355","","Paul","Edwards","Paul Edwards","78","217","20","1","5","1997","USDL","1","Erie","7","Erie","7","N/A","0","","0","True","5","1","Saint Louis","Potts Camp","MS","61","7","24","34","8","37","80","1","8","9","4","5","1","5","5","4","70","53","62","35","F","C","A","F","F","F","F","F","F","F","F","F","F","F","35","43","0","0","0","0","7600","11100","0","0","0","0","0","0","0","0","0","0","0","0","0","0","0"
"356","","Nestor","Anderson","Nestor Anderson","83","229","14","9","1","2002","USDL","1","FA","-1","FA","-1","N/A","0","","0","True","1","0","Texas","Paris","TX","75","65","99","80","1","16","54","0","7","5","1","19","18","0","5","6","15","62","16","61","F","D","B","F","F","F","F","D","D","F","F","F","F","F","30","39","0","0","0","0","0","0","0","0","0","0","0","0","0","0","0","0","0","0","0","0","0"
"357","","Terrell","Rutherford","Terrell Rutherford","85","241","20","11","14","1996","USDL","1","Toronto","21","Toronto","21","N/A","0","","0","False","1","0","Wisconsin","Winston-Salem","NC","2","15","35","60","1","14","53","0","6","9","26","12","28","2","6","18","2","55","24","60","F","D","C","F","F","F","C","D","D","F","F","D","F","F","38","51","0","0","0","0","0","0","0","0","0","0","0","0","0","0","0","0","0","0","0","0","0"
"358","","Dag","Uysal","Dag Uysal","83","277","22","4","7","1995","USDL","1","Reno","13","Reno","13","N/A","0","","0","False","1","0","None","Istanbul","Turkey","49","49","65","62","7","9","46","4","12","6","10","30","49","8","18","41","27","53","68","41","F","F","C","F","F","F","F","D","C","F","D","C","F","F","53","59","0","0","0","0","0","0","0","0","0","0","0","0","0","0","0","0","0","0","0","0","0"
"359","","Thurman","Fisher","Thurman Fisher","87","223","21","1","26","1996","USDL","1","Oklahoma City","20","Oklahoma City","20","N/A","0","","0","True","1","0","Sam Houston State","Houston","TX","97","90","72","8","28","15","25","0","9","1","13","7","16","2","2","4","22","64","51","41","C","D","D","F","F","F","D","F","C","F","F","F","F","F","37","59","0","0","0","0","0","0","0","0","0","0","0","0","0","0","0","0","0","0","0","0","0"
"360","","Andrew","Rhodes","Andrew Rhodes","84","239","22","8","24","1994","USDL","1","Oklahoma City","20","Oklahoma City","20","N/A","0","","0","True","1","0","North Texas","Dallas","TX","33","80","6","39","10","8","39","0","18","8","16","21","5","0","13","5","25","95","41","42","F","F","C","F","D","F","D","C","F","F","D","F","F","F","37","50","0","0","0","0","0","0","0","0","0","0","0","0","0","0","0","0","0","0","0","0","0"
"361","","Jason","Phillips","Jason Phillips","83","251","20","4","14","1996","USDL","1","Texas","17","Texas","17","N/A","0","","0","False","1","0","Sam Houston State","Grand Prairie","TX","86","55","64","74","6","10","46","0","26","5","37","18","7","16","5","11","1","61","44","46","F","F","C","F","D","F","C","D","F","D","F","F","F","F","35","41","0","0","0","0","0","0","0","0","0","0","0","0","0","0","0","0","0","0","0","0","0"
"362","","Gonzalo","Cerezo","Gonzalo Cerezo","84","272","20","5","7","1996","USDL","1","Oklahoma City","20","Oklahoma City","20","N/A","0","","0","False","1","0","Miami","South Miami","FL","13","36","5","76","20","28","60","0","14","5","12","53","66","15","15","22","5","56","41","29","D","D","C","F","D","F","F","C","B","D","F","D","D","D","65","73","0","0","0","0","0","0","0","0","0","0","0","0","0","0","0","0","0","0","0","0","0"
"363","","Rolandas","Wenal","Rolandas Wenal","83","236","22","12","23","1994","USDL","1","Bakersfield","5","Bakersfield","5","N/A","0","","0","False","1","0","None","Vilnius","Lithuania","35","3","38","53","28","16","45","0","11","3","35","28","12","2","9","26","15","52","41","27","D","D","C","F","F","F","C","D","D","F","F","D","F","F","44","55","0","0","0","0","0","0","0","0","0","0","0","0","0","0","0","0","0","0","0","0","0"
"364","","Gregory","Valdovinos","Gregory Valdovinos","84","245","19","5","29","1997","USDL","1","FA","-1","FA","-1","N/A","0","","0","True","1","0","Wright State","Columbia","SC","12","61","67","50","8","22","47","0","8","5","15","8","6","11","2","26","24","44","25","42","D","C","C","F","F","F","D","D","F","D","F","C","F","F","29","46","0","0","0","0","0","0","0","0","0","0","0","0","0","0","0","0","0","0","0","0","0"
"365","","Roosevelt","Martinez","Roosevelt Martinez","84","228","22","6","11","1994","USDL","1","FA","-1","FA","-1","N/A","0","","0","False","1","0","Wofford","Springville","NY","6","65","47","37","8","19","36","0","5","7","12","25","12","8","11","32","8","64","28","20","F","D","D","F","F","F","F","D","F","F","F","C","F","F","35","41","0","0","0","0","0","0","0","0","0","0","0","0","0","0","0","0","0","0","0","0","0"
"366","","Royce","Robinson","Royce Robinson","74","170","21","11","24","1995","USDL","1","Draft","-2","Draft","-2","N/A","0","","0","False","5","0","Vanderbilt","Gastonia","NC","43","39","34","16","5","25","64","10","21","27","1","3","4","24","16","3","95","52","80","38","F","C","B","D","D","C","F","F","F","C","D","F","F","D","41","64","0","0","0","0","0","0","0","0","0","0","0","0","0","0","0","0","0","0","0","0","0"
"367","","Guy","Garcia","Guy Garcia","88","248","19","8","20","1997","USDL","1","Texas","17","Texas","17","N/A","0","","0","True","1","0","Syracuse","Lynnfield","MA","79","67","66","29","3","16","23","0","11","4","10","17","18","4","3","13","8","72","17","39","F","D","D","F","D","F","D","D","D","F","F","D","F","F","31","47","0","0","0","0","0","0","0","0","0","0","0","0","0","0","0","0","0","0","0","0","0"
"368","","Camilo","Siculo","Camilo Siculo","84","235","20","12","27","1996","USDL","1","Grand Rapids","19","Grand Rapids","19","N/A","0","","0","False","1","0","George Mason","Syracuse","NY","63","32","26","17","13","34","43","0","9","1","32","5","14","12","11","47","24","59","24","50","F","D","C","F","F","F","D","F","F","F","F","C","F","F","41","43","0","0","0","0","0","0","0","0","0","0","0","0","0","0","0","0","0","0","0","0","0"
"369","","Charles","Roberts","Charles Roberts","83","249","20","11","29","1996","USDL","1","Oklahoma City","20","Oklahoma City","20","N/A","0","","0","False","2","0","Pittsburgh","Papillion","NE","34","60","37","37","10","30","53","0","22","6","6","23","9","3","4","46","45","77","50","76","F","C","B","F","D","F","F","D","F","F","F","B","F","F","47","57","0","2","0","0","0","0","0","0","0","0","0","0","0","0","0","0","0","0","0","0","0"
"370","","Marlin","Kamp","Marlin Kamp","78","224","20","2","19","1997","USDL","1","Draft","-2","Draft","-2","N/A","0","","0","False","4","0","Utah","Phoenix","AZ","39","50","22","11","5","25","68","15","9","3","1","4","2","3","9","3","58","57","38","33","F","C","B","D","F","F","F","F","F","F","F","F","F","F","28","43","0","0","0","0","0","0","0","0","0","0","0","0","0","0","0","0","0","0","0","0","0"
"371","","Carl","Cater","Carl Cater","80","232","21","12","22","1995","USDL","1","Santa Cruz","15","Santa Cruz","15","N/A","0","","0","True","2","0","Gardner Webb","Jackson","MS","85","94","88","22","1","13","46","0","36","16","27","20","21","12","15","31","15","52","59","39","F","D","C","F","C","D","C","D","C","D","D","C","F","F","37","53","0","0","0","0","0","0","0","0","0","0","0","0","0","0","0","0","0","0","0","0","0"
"372","","Javier","Scholz","Javier Scholz","83","232","20","4","20","1996","USDL","1","FA","-1","FA","-1","N/A","0","","0","True","2","0","Auburn","Town and Country","MO","39","65","69","96","6","25","59","0","24","12","17","10","8","3","4","0","12","56","62","33","F","C","B","F","C","F","D","F","F","F","F","F","F","F","28","39","0","0","0","0","0","0","0","0","0","0","0","0","0","0","0","0","0","0","0","0","0"
"373","","Charles","White","Charles White","82","245","22","1","17","1995","USDL","1","FA","-1","FA","-1","N/A","0","","0","True","2","0","Southern Utah","Paine Field-Lake Stickney","WA","20","65","28","38","29","18","56","0","25","13","10","32","12","17","4","21","10","39","49","14","C","D","C","F","D","F","F","C","D","D","F","D","F","F","37","46","0","0","0","0","0","0","0","0","0","0","0","0","0","0","0","0","0","0","0","0","0"
"374","","Gerardo","Baron","Gerardo Baron","81","231","22","11","13","1994","USDL","1","Oklahoma City","20","Oklahoma City","20","N/A","0","","0","False","1","0","Duke","Clarksville","TN","26","3","37","75","8","21","46","0","25","18","4","12","35","11","54","32","31","72","50","56","F","D","C","F","D","D","F","F","C","F","C","D","F","F","44","50","0","0","0","0","0","0","0","0","0","0","0","0","0","0","0","0","0","0","0","0","0"
"375","","Darnell","McClendon","Darnell McClendon","82","225","21","8","12","1995","USDL","1","Texas","17","Texas","17","N/A","0","","0","False","1","0","UNLV","Los Angeles","CA","17","3","35","23","25","10","38","0","17","9","21","31","17","4","11","6","28","58","59","45","D","F","C","F","D","F","D","C","D","F","F","F","F","F","43","59","0","0","0","0","0","0","0","0","0","0","0","0","0","0","0","0","0","0","0","0","0"
"376","","Jerry","Lindo","Jerry Lindo","80","221","21","11","5","1995","USDL","1","Fort Wayne","8","Fort Wayne","8","N/A","0","","0","True","2","0","Virginia Tech","Auburn","WA","13","96","17","19","13","7","33","0","7","3","8","14","34","2","9","13","20","44","49","35","D","F","D","F","F","F","F","D","C","F","F","D","F","F","33","46","0","0","0","0","0","0","0","0","0","0","0","0","0","0","0","0","0","0","0","0","0"
"377","","Tylenis","Jacobonis","Tylenis Jacobonis","82","224","21","7","5","1995","USDL","1","FA","-1","FA","-1","N/A","0","","0","True","2","0","None","Gargzdai","Lithuania","88","73","100","6","7","14","50","0","5","1","15","48","7","3","14","6","21","69","16","45","F","D","C","F","F","F","D","C","F","F","D","F","F","F","36","43","0","0","0","0","0","0","0","0","0","0","0","0","0","0","0","0","0","0","0","0","0"
"378","","Dirk","Brophy","Dirk Brophy","74","220","21","4","17","1995","USDL","1","Draft","-2","Draft","-2","N/A","0","","0","False","5","0","Vermont","Grovetown","GA","94","56","2","46","25","36","58","17","27","33","5","15","11","22","13","19","86","35","57","61","D","B","B","D","C","C","F","D","F","D","F","D","F","D","52","71","0","0","0","0","0","0","0","0","0","0","0","0","0","0","0","0","0","0","0","0","0"
"379","","Eric","Hall","Eric Hall","80","253","20","11","18","1996","USDL","1","Canton","6","Canton","6","N/A","0","","0","False","2","0","Tulane","Brookfield","IL","55","10","5","47","8","39","28","0","24","27","20","15","8","12","4","18","35","64","78","49","F","C","D","F","D","D","D","F","F","F","F","F","F","F","40","44","0","0","0","0","0","0","0","0","0","0","0","0","0","0","0","0","0","0","0","0","0"
"380","","Thomas","Williams","Thomas Williams","80","237","20","5","11","1996","USDL","1","FA","-1","FA","-1","N/A","0","","0","True","2","0","Oregon","Metzger","OR","27","65","70","68","6","9","46","0","17","14","14","23","14","8","9","25","18","72","23","41","F","F","C","F","D","F","F","D","D","F","F","D","F","F","33","39","0","0","0","0","0","0","0","0","0","0","0","0","0","0","0","0","0","0","0","0","0"
"381","","George","Munoz","George Munoz","84","242","18","7","23","1998","USDL","1","Maine","12","Maine","12","N/A","0","Patellar Tendanitis","0","False","1","0","None","Dallas","TX","30","40","26","61","37","15","41","26","21","6","20","22","44","4","18","25","36","58","37","27","D","D","C","D","D","F","D","D","C","F","D","D","F","D","59","67","0","5","0","0","0","0","0","0","0","0","0","0","0","0","0","0","0","0","0","0","0"
"382","","Tony","Thompson","Tony Thompson","79","218","22","10","19","1994","USDL","1","Delaware","18","Delaware","18","N/A","0","","0","False","2","0","Harvard","New York","NY","47","43","50","29","23","4","30","0","16","12","68","45","48","2","13","20","30","58","82","39","D","F","D","F","D","F","B","C","C","F","D","D","F","D","58","66","0","0","0","0","0","0","0","0","0","0","0","0","0","0","0","0","0","0","0","0","0"
"383","","Wilbur","Haugen","Wilbur Haugen","81","230","22","7","31","1994","USDL","1","Westchester","22","Westchester","22","N/A","0","","0","False","2","0","UC Riverside","San Diego","CA","66","4","96","61","10","20","53","0","8","6","42","14","14","3","7","11","14","53","47","31","F","D","B","F","F","F","C","F","D","F","F","F","F","F","33","39","0","0","0","0","0","0","0","0","0","0","0","0","0","0","0","0","0","0","0","0","0"
"384","","Leonard","Saville","Leonard Saville","79","255","19","3","19","1998","USDL","1","Iowa","10","Iowa","10","N/A","0","","0","True","2","0","None","Dearborn","MI","47","45","95","43","7","8","44","0","21","2","32","11","14","6","14","18","13","42","53","27","F","F","C","F","D","F","C","F","D","F","D","D","F","F","28","39","0","0","0","0","0","0","0","0","0","0","0","0","0","0","0","0","0","0","0","0","0"
"385","","Donnie","Binns","Donnie Binns","79","223","23","1","20","1994","USDL","1","Rio Grand Valley","14","Rio Grand Valley","14","N/A","0","","0","False","2","0","Washington","Paterson","NJ","91","15","38","95","14","20","52","13","14","2","62","21","36","1","25","18","17","70","26","36","F","D","C","F","F","F","B","D","C","F","D","F","F","F","44","50","0","0","0","0","0","0","0","0","0","0","0","0","0","0","0","0","0","0","0","0","0"
"386","","Chris","Rowe","Chris Rowe","75","171","21","9","26","1995","USDL","1","Draft","-2","Draft","-2","N/A","0","","0","False","5","0","Utah State","Moose Wilson Road","WY","48","85","52","51","8","30","66","4","31","70","5","8","3","11","17","3","84","41","75","40","F","C","B","F","C","A","F","F","F","F","D","F","F","D","52","62","0","0","0","0","0","0","0","0","0","0","0","0","0","0","0","0","0","0","0","0","0"
"387","","Mateo","Francisquito","Mateo Francisquito","77","232","19","8","20","1997","USDL","1","Santa Cruz","15","Santa Cruz","15","N/A","0","","0","False","3","0","Hofstra","Pelham","NY","74","42","16","75","23","36","51","35","32","29","3","10","23","22","21","13","58","55","70","53","C","C","C","C","C","C","F","F","D","D","D","D","F","D","55","77","0","2","0","0","0","0","0","0","0","0","0","0","0","0","0","0","0","0","0","0","0"
"388","","Garfield","Carter","Garfield Carter","79","235","21","7","7","1995","USDL","1","Santa Cruz","15","Santa Cruz","15","N/A","0","","0","False","2","0","New Mexico State","Denton","TX","74","3","39","94","26","8","41","13","36","12","7","10","35","12","15","19","62","58","54","38","D","F","C","F","C","D","F","F","C","D","F","D","F","F","44","58","0","0","0","0","0","0","0","0","0","0","0","0","0","0","0","0","0","0","0","0","0"
"389","","Jay","Scanlon","Jay Scanlon","81","230","21","10","11","1995","USDL","1","Westchester","22","Westchester","22","N/A","0","","0","True","3","0","Detroit","Mount Pleasant","MI","2","16","28","37","9","30","66","6","8","5","10","11","10","13","18","2","41","57","45","35","F","C","B","F","F","F","F","F","F","D","D","F","F","F","32","38","0","0","0","0","0","0","0","0","0","0","0","0","0","0","0","0","0","0","0","0","0"
"390","","Ferdinand","Carter","Ferdinand Carter","78","216","22","11","2","1994","USDL","1","FA","-1","FA","-1","N/A","0","","0","True","3","0","UNLV","Vallejo","CA","66","65","61","14","17","27","58","0","30","2","8","17","30","5","21","3","47","41","50","41","F","D","C","F","D","F","F","F","D","F","D","F","F","F","36","37","0","0","0","0","0","0","0","0","0","0","0","0","0","0","0","0","0","0","0","0","0"
"391","","Josip","Morovchek","Josip Morovchek","79","198","20","7","14","1996","USDL","1","Westchester","22","Westchester","22","N/A","0","","0","True","3","0","None","Zadar","Croatia","58","33","88","86","7","18","63","9","13","4","22","6","8","17","13","1","40","62","53","37","F","C","B","D","D","F","C","F","F","D","D","F","F","F","30","46","0","0","0","0","0","0","0","0","0","0","0","0","0","0","0","0","0","0","0","0","0"
"392","","Malcolm","King","Malcolm King","77","196","22","9","5","1994","USDL","1","FA","-1","FA","-1","N/A","0","","0","False","3","0","Holy Cross","Passaic","NJ","51","73","79","93","12","45","41","21","11","1","8","26","17","13","11","8","38","57","35","35","F","C","C","D","F","F","F","D","D","F","F","F","F","F","34","37","0","0","0","0","0","0","0","0","0","0","0","0","0","0","0","0","0","0","0","0","0"
"393","","Rickie","Adams","Rickie Adams","81","240","22","11","19","1994","USDL","1","Iowa","10","Iowa","10","N/A","0","","0","False","3","0","Cal State Fullerton","Hermiston","OR","55","8","6","16","8","11","39","16","12","5","12","19","16","6","5","10","49","61","53","59","F","F","C","D","D","F","D","D","D","F","F","F","F","F","40","46","0","0","0","0","0","0","0","0","0","0","0","0","0","0","0","0","0","0","0","0","0"
"394","","Mstislav","Bozicovich","Mstislav Bozicovich","80","230","23","3","24","1994","USDL","1","Oklahoma City","20","Oklahoma City","20","N/A","0","Sprained Knee","0","False","2","0","None","Zagreb","Croatia","85","57","90","62","31","72","92","38","49","6","6","1","5","15","15","16","38","54","56","30","D","B","A","C","B","F","F","F","F","D","D","D","F","F","48","54","0","2","0","0","0","0","0","0","0","0","0","0","0","0","0","0","0","0","0","0","0"
"395","","Charles","Taylor","Charles Taylor","80","236","22","3","13","1995","USDL","1","FA","-1","FA","-1","N/A","0","","0","True","3","0","Georgia","New York","NY","74","66","75","63","6","15","53","17","14","8","4","7","11","19","5","12","39","70","40","36","F","D","C","D","D","F","F","F","F","D","F","D","F","F","31","42","0","0","0","0","0","0","0","0","0","0","0","0","0","0","0","0","0","0","0","0","0"
"396","","Cleveland","Chinn","Cleveland Chinn","83","216","20","11","14","1996","USDL","1","Westchester","22","Westchester","22","N/A","0","","0","False","5","0","Kansas","Florissant","MO","12","10","33","27","5","8","44","19","33","16","8","3","20","4","17","11","39","57","74","25","F","F","C","C","C","D","F","F","D","F","D","F","F","F","33","48","0","0","0","0","0","0","0","0","0","0","0","0","0","0","0","0","0","0","0","0","0"
"397","","J.C.","Adams","J.C. Adams","82","215","20","11","24","1996","USDL","1","Los Angeles","11","Los Angeles","11","N/A","0","","0","False","3","0","Santa Clara","South San Francisco","CA","14","6","28","85","5","19","43","9","32","7","5","12","25","17","37","20","40","70","79","31","F","D","C","F","C","F","F","F","D","D","C","D","F","F","41","49","0","0","0","0","0","0","0","0","0","0","0","0","0","0","0","0","0","0","0","0","0"
"398","","Clark","Stroup","Clark Stroup","80","221","21","2","24","1996","USDL","1","Santa Cruz","15","Santa Cruz","15","N/A","0","","0","True","3","0","Duke","Johnstown","PA","36","86","85","70","4","10","43","27","24","8","12","7","15","20","28","9","55","58","54","49","F","F","C","C","C","F","D","F","D","D","C","F","F","D","41","61","0","0","0","0","0","0","0","0","0","0","0","0","0","0","0","0","0","0","0","0","0"
"399","","Heath","Brown","Heath Brown","78","219","21","4","4","1996","USDL","1","Toronto","21","Toronto","21","N/A","0","","0","True","3","0","Boston University","Chicopee","MA","16","82","89","71","5","20","55","27","11","11","6","18","9","5","17","10","48","52","60","58","F","D","B","C","F","F","F","D","F","F","D","F","F","F","37","50","0","0","0","0","0","0","0","0","0","0","0","0","0","0","0","0","0","0","0","0","0"
"400","","Corey","Myers","Corey Myers","79","223","21","8","23","1995","USDL","1","Rio Grand Valley","14","Rio Grand Valley","14","N/A","0","","0","False","3","0","Savannah State","Seven Corners","VA","39","23","7","12","12","21","54","6","9","24","28","20","7","11","9","4","61","56","86","43","D","D","B","F","F","C","C","D","F","F","F","F","F","F","44","57","0","1","0","0","0","0","0","0","0","0","0","0","0","0","0","0","0","0","0","0","0"
"401","","Guiomar","Quirot","Guiomar Quirot","78","225","20","7","23","1996","USDL","1","Grand Rapids","19","Grand Rapids","19","N/A","0","","0","True","4","0","Kentucky","Middleton","WI","56","8","35","24","8","24","49","0","27","5","7","4","9","8","12","0","60","70","90","24","F","C","C","F","C","F","F","F","D","F","D","F","F","F","35","55","0","0","0","0","0","0","0","0","0","0","0","0","0","0","0","0","0","0","0","0","0"
"402","","Chris","Hernandez","Chris Hernandez","77","217","21","11","29","1995","USDL","1","Toronto","21","Toronto","21","N/A","0","","0","False","4","0","Duquesne","McDonald","OH","68","45","77","95","14","23","57","47","10","9","8","5","5","22","25","8","79","39","58","69","D","D","C","B","F","F","F","F","F","C","D","F","F","D","57","76","0","2","0","0","0","0","0","0","0","0","0","0","0","0","0","0","0","0","0","0","0"
"403","","Emory","Crutcher","Emory Crutcher","77","175","21","1","4","1996","USDL","1","Canton","6","Canton","6","N/A","0","","0","False","3","0","Arizona","New Kingman-Butler","AZ","11","50","58","49","28","49","77","13","15","6","3","19","2","7","9","11","70","18","93","36","D","B","B","F","F","F","F","D","F","F","F","F","F","D","49","61","0","3","0","0","0","0","0","0","0","0","0","0","0","0","0","0","0","0","0","0","0"
"404","","Billie","McGlynn","Billie McGlynn","78","188","20","5","26","1996","USDL","1","Draft","-2","Draft","-2","N/A","0","","0","False","3","0","Cal State Fullerton","El Cajon","CA","61","100","28","65","19","29","62","13","26","2","43","22","15","35","32","17","45","51","87","32","D","D","B","F","C","F","C","D","D","D","D","D","F","F","47","57","0","0","0","0","0","0","0","0","0","0","0","0","0","0","0","0","0","0","0","0","0"
"405","","Isreal","Jackson","Isreal Jackson","78","218","21","1","29","1996","USDL","1","FA","-1","FA","-1","N/A","0","","0","True","4","0","Iowa State","Aiea","HI","81","65","46","15","13","20","53","10","32","7","12","11","0","11","12","4","58","38","81","38","F","D","C","F","D","F","F","F","F","F","F","F","F","F","35","39","0","0","0","0","0","0","0","0","0","0","0","0","0","0","0","0","0","0","0","0","0"
"406","","Gaston","Trusty","Gaston Trusty","80","181","22","6","30","1994","USDL","1","Los Angeles","11","Los Angeles","11","N/A","0","","0","False","3","0","Oregon State","Kent","WA","84","45","9","61","52","16","34","7","59","5","1","8","12","71","4","12","62","64","53","42","B","F","C","F","B","F","F","F","F","B","F","F","D","D","61","68","0","6","1","0","0","0","0","0","0","0","0","0","0","0","0","0","0","0","0","0","0"
"407","","Marco","Fastiggifazzi","Marco Fastiggifazzi","80","218","23","12","16","1993","USDL","1","Oklahoma City","20","Oklahoma City","20","N/A","0","","0","False","3","0","None","Trieste","Italy","18","72","85","57","2","29","65","15","12","3","8","10","10","33","15","6","79","55","60","43","F","C","B","D","F","F","F","F","F","C","F","F","F","D","48","62","0","2","1","0","0","0","0","0","0","0","0","0","0","0","0","0","0","0","0","0","0"
"408","","Chad","Bunting","Chad Bunting","76","185","19","2","6","1998","USDL","1","Draft","-2","Draft","-2","N/A","0","","0","False","5","0","Vermont","North Brunswick Township","NJ","97","95","94","7","4","38","67","16","14","8","3","13","6","8","12","15","68","53","73","38","F","B","B","D","D","F","F","D","F","F","D","D","F","F","40","54","0","0","0","0","0","0","0","0","0","0","0","0","0","0","0","0","0","0","0","0","0"
"409","","Ni","Kung","Ni Kung","75","201","22","4","9","1995","USDL","1","Delaware","18","Delaware","18","N/A","0","","0","False","4","0","None","Hengyang","China","3","30","72","82","10","38","57","38","26","3","5","6","1","21","7","4","56","61","45","39","F","C","C","C","D","F","F","F","F","D","F","F","F","F","39","44","0","1","0","0","0","0","0","0","0","0","0","0","0","0","0","0","0","0","0","0","0"
"410","","Doug","Lee","Doug Lee","76","191","18","4","26","1998","USDL","1","Texas","17","Texas","17","N/A","0","","0","True","4","0","None","Boston","MA","56","64","11","41","7","46","67","0","18","5","4","4","2","24","9","3","56","55","52","22","F","A","B","F","C","F","F","F","F","C","D","F","F","F","30","49","0","0","0","0","0","0","0","0","0","0","0","0","0","0","0","0","0","0","0","0","0"
"411","","Virgilio","Arruti","Virgilio Arruti","77","219","22","6","21","1994","USDL","1","Maine","12","Maine","12","N/A","0","","0","False","3","0","None","Aspe","Spain","81","8","56","80","7","18","51","0","8","8","10","20","1","44","19","3","71","50","77","29","F","D","C","F","F","D","F","D","F","C","D","F","F","F","38","50","0","1","0","0","0","0","0","0","0","0","0","0","0","0","0","0","0","0","0","0","0"
"412","","Barry","Williams","Barry Williams","78","238","22","1","2","1995","USDL","1","Draft","-2","Draft","-2","N/A","0","","0","False","3","0","Akron","Waterloo","IA","35","78","22","10","7","12","46","4","17","15","6","11","4","10","10","9","34","49","50","28","F","D","C","F","D","D","F","F","F","F","F","F","F","F","23","28","0","0","0","0","0","0","0","0","0","0","0","0","0","0","0","0","0","0","0","0","0"
"413","","Vince","Williams","Vince Williams","78","197","22","8","12","1994","USDL","1","Texas","17","Texas","17","N/A","0","","0","False","3","0","Penn State","Florence","SC","94","67","41","26","23","25","57","9","45","10","8","6","5","25","22","10","58","39","83","43","D","C","C","F","B","F","F","F","F","D","D","F","F","F","44","57","0","1","0","0","0","0","0","0","0","0","0","0","0","0","0","0","0","0","0","0","0"
"414","","Gerald","Smith","Gerald Smith","79","178","22","8","3","1994","USDL","1","Toronto","21","Toronto","21","N/A","0","Dislocated Shoulder","0","False","3","0","Brigham Young","Lindon","UT","24","19","66","61","13","45","68","12","34","5","11","8","13","14","22","6","64","49","58","34","F","C","B","F","D","F","F","F","F","F","D","F","F","F","50","52","0","0","0","0","0","0","0","0","0","0","0","0","0","0","0","0","0","0","0","0","0"
"415","","Jacques","Hunter","Jacques Hunter","77","206","22","11","25","1994","USDL","1","Santa Cruz","15","Santa Cruz","15","N/A","0","Bruised Hip","0","False","3","0","Wake Forest","New York","NY","26","69","68","94","7","19","73","24","32","18","8","7","5","21","20","7","82","30","90","52","F","C","B","C","B","D","F","F","F","D","D","F","F","D","47","74","0","2","1","0","0","0","0","0","0","0","0","0","0","0","0","0","0","0","0","0","0"
"416","","Emmitt","Franco","Emmitt Franco","76","154","23","2","20","1994","USDL","1","Toronto","21","Toronto","21","N/A","0","","0","False","4","0","George Mason","Bon Air","VA","71","29","33","38","17","37","93","19","5","17","1","13","3","10","23","1","93","31","64","46","D","B","A","D","F","D","F","F","F","F","D","F","F","D","49","67","0","1","0","0","0","0","0","0","0","0","0","0","0","0","0","0","0","0","0","0","0"
"417","","Wilson","White","Wilson White","75","165","22","9","25","1994","USDL","1","Sioux Falls","16","Sioux Falls","16","N/A","0","","0","False","3","0","Radford","Lenoir","NC","29","28","14","79","11","20","51","16","49","15","8","3","7","21","23","2","69","6","63","54","F","D","C","F","C","D","F","F","F","D","D","F","F","F","40","44","0","0","0","0","0","0","0","0","0","0","0","0","0","0","0","0","0","0","0","0","0"
"418","","Stephen","Palomino","Stephen Palomino","73","157","22","2","16","1995","USDL","1","Los Angeles","11","Los Angeles","11","N/A","0","","0","False","5","0","Missouri","Griffin","GA","36","35","70","85","20","21","49","3","73","22","3","9","3","14","24","5","98","30","83","30","D","D","C","F","B","D","F","F","F","F","D","F","F","F","47","49","0","0","0","0","0","0","0","0","0","0","0","0","0","0","0","0","0","0","0","0","0"
"419","","Daniel","Morris","Daniel Morris","72","201","23","3","14","1994","USDL","1","Santa Cruz","15","Santa Cruz","15","N/A","0","","0","False","5","0","San Diego State","Palm Springs","CA","77","3","10","100","5","18","44","48","37","27","2","1","1","17","17","2","65","43","74","52","F","D","C","C","D","C","F","F","F","D","F","F","F","F","45","56","0","1","0","0","0","0","0","0","0","0","0","0","0","0","0","0","0","0","0","0","0"
"420","","Mark","Kendall","Mark Kendall","74","171","22","9","1","1994","USDL","1","Los Angeles","11","Los Angeles","11","N/A","0","","0","True","5","0","Michigan State","Hazel Park","MI","91","29","11","4","8","13","51","3","26","7","3","11","1","15","30","1","94","32","97","34","F","D","C","F","C","F","F","D","F","D","C","F","F","F","34","51","0","0","0","0","0","0","0","0","0","0","0","0","0","0","0","0","0","0","0","0","0"
"421","","Emiliano","Ulloa","Emiliano Ulloa","76","219","23","2","11","1994","USDL","1","FA","-1","FA","-1","N/A","0","","0","True","5","0","VCU","Danville","VA","80","65","41","72","12","12","37","9","47","9","1","10","1","42","11","2","72","4","86","17","F","F","C","F","B","F","F","F","F","C","F","F","F","F","39","42","0","0","0","0","0","0","0","0","0","0","0","0","0","0","0","0","0","0","0","0","0"
"422","","Jerold","Richmond","Jerold Richmond","75","160","20","5","16","1996","USDL","1","Toronto","21","Toronto","21","N/A","0","","0","False","5","0","Northwestern","Shelby","MI","4","10","8","81","19","55","87","11","12","17","5","1","8","9","28","4","86","51","81","39","D","B","A","F","F","D","F","F","F","F","D","F","F","F","46","55","0","0","0","0","0","0","0","0","0","0","0","0","0","0","0","0","0","0","0","0","0"
"423","","William","Baer","William Baer","71","216","23","4","1","1994","USDL","1","Maine","12","Maine","12","N/A","0","","0","True","5","0","Texas A&M","Laplace","LA","39","11","6","98","7","30","58","17","17","16","1","6","2","28","18","2","61","53","60","26","F","C","C","D","F","D","F","F","F","C","D","F","F","F","34","44","0","0","0","0","0","0","0","0","0","0","0","0","0","0","0","0","0","0","0","0","0"
"424","","Brian","Heflin","Brian Heflin","72","172","21","11","5","1995","USDL","1","Erie","7","Erie","7","N/A","0","","0","False","4","0","Oregon","Dallas","OR","13","3","91","27","10","13","49","38","17","9","4","23","7","31","13","14","96","52","62","33","F","D","C","C","D","F","F","D","F","D","F","D","F","F","38","46","0","0","0","0","0","0","0","0","0","0","0","0","0","0","0","0","0","0","0","0","0"
"425","","Louis","Miller","Louis Miller","75","172","22","6","11","1994","USDL","1","FA","-1","FA","-1","N/A","0","","0","True","5","0","UAB","Berea","SC","82","70","86","30","12","9","39","5","29","7","12","14","3","47","34","0","74","45","74","32","F","F","C","F","C","F","F","F","F","C","C","F","F","F","36","41","0","0","0","0","0","0","0","0","0","0","0","0","0","0","0","0","0","0","0","0","0"
"426","","Ken","Colon","Ken Colon","73","158","21","8","16","1995","USDL","1","Reno","13","Reno","13","N/A","0","","0","False","5","0","Pittsburgh","Ironton","OH","68","40","98","73","19","38","72","9","14","17","4","16","3","5","12","4","68","64","48","42","D","C","A","F","D","D","F","D","F","F","F","F","F","F","35","49","0","0","0","0","0","0","0","0","0","0","0","0","0","0","0","0","0","0","0","0","0"
"427","","Conrado","Cruz","Conrado Cruz","71","190","23","3","2","1994","USDL","1","Grand Rapids","19","Grand Rapids","19","N/A","0","","0","False","5","0","Illinois","Lake Quivira","KS","60","54","17","19","6","20","59","9","33","10","2","8","6","24","48","7","80","46","85","38","F","D","C","F","C","F","F","F","F","D","C","F","F","F","40","45","0","0","1","0","0","0","0","0","0","0","0","0","0","0","0","0","0","0","0","0","0"
"428","","Michael","Carty","Michael Carty","76","193","22","8","16","1994","USDL","1","Oklahoma City","20","Oklahoma City","20","N/A","0","","0","False","5","0","Seton Hall","Cliffwood Beach","NJ","44","52","55","39","7","24","69","11","20","25","3","16","3","14","8","10","77","36","95","33","F","C","B","D","C","C","F","D","F","F","F","D","F","F","38","54","0","0","0","0","0","0","0","0","0","0","0","0","0","0","0","0","0","0","0","0","0"
"429","","Arthur","Ross","Arthur Ross","76","184","21","4","30","1995","USDL","1","Canton","6","Canton","6","N/A","0","","0","False","5","0","Stanford","Santa Monica","CA","17","42","43","70","26","37","75","9","26","50","0","18","1","35","14","3","73","21","66","35","C","C","B","F","D","B","F","D","F","C","D","F","F","D","54","75","0","2","0","0","0","0","0","0","0","0","0","0","0","0","0","0","0","0","0","0","0"
"430","","Raymond","Spears","Raymond Spears","74","196","20","10","18","1996","USDL","1","Draft","-2","Draft","-2","N/A","0","","0","False","5","0","Central Florida","Silver Spring","MD","63","30","18","63","4","10","44","6","19","23","4","0","8","11","13","2","75","17","75","44","F","F","C","F","D","D","F","F","F","F","D","F","F","F","30","41","0","0","0","0","0","0","0","0","0","0","0","0","0","0","0","0","0","0","0","0","0"
"431","","Tyler","Richards","Tyler Richards","80","249","22","2","11","1995","USDL","1","Draft","-2","Draft","-2","N/A","0","","0","False","2","0","Creighton","Newark","OH","53","63","88","97","31","15","46","0","5","4","15","16","24","17","7","24","21","76","48","57","B","D","C","F","F","F","D","D","C","D","F","C","F","D","46","75","0","0","0","0","0","0","0","0","0","0","0","0","0","0","0","0","0","0","0","0","0"
"432","","Ervin","Jackson","Ervin Jackson","73","209","19","10","10","1997","USDL","1","Draft","-2","Draft","-2","N/A","0","","0","False","5","0","Winthrop","Hephzibah","GA","4","20","87","66","7","6","42","1","13","13","1","13","0","30","15","5","61","39","72","39","F","F","C","F","D","D","F","D","F","B","D","F","F","F","28","44","0","0","0","0","0","0","0","0","0","0","0","0","0","0","0","0","0","0","0","0","0"
"433","","Edmond","Mendes","Edmond Mendes","75","184","22","1","12","1995","USDL","1","Draft","-2","Draft","-2","N/A","0","","0","False","5","0","Oklahoma State","Kansas","OK","9","63","20","17","6","23","68","0","47","5","3","2","6","16","32","9","75","22","43","34","F","D","B","F","B","F","F","F","F","D","D","F","F","F","30","38","0","0","0","0","0","0","0","0","0","0","0","0","0","0","0","0","0","0","0","0","0"
"434","","Kurt","Hooper","Kurt Hooper","77","203","22","1","12","1995","USDL","1","Draft","-2","Draft","-2","N/A","0","","0","False","4","0","Michigan State","Long Beach","CA","86","17","54","58","7","5","41","6","32","9","4","8","1","51","23","11","78","61","83","90","F","F","C","F","B","F","F","F","F","A","D","F","F","D","49","67","0","0","0","0","0","0","0","0","0","0","0","0","0","0","0","0","0","0","0","0","0"
"435","","Abubakar","Chukwu","Abubakar Chukwu","77","227","20","4","10","1997","USDL","1","Draft","-2","Draft","-2","N/A","0","","0","False","4","0","None","Bakel","Senegal","14","6","93","29","2","31","57","20","32","1","7","5","5","10","9","2","61","48","32","11","F","C","B","D","C","F","F","F","F","D","F","F","F","F","28","41","0","0","0","0","0","0","0","0","0","0","0","0","0","0","0","0","0","0","0","0","0"
"436","","James","Young","James Young","79","239","21","8","14","1995","USDL","1","Draft","-2","Draft","-2","N/A","0","","0","False","2","0","Idaho","Great Falls","MT","21","74","40","91","9","7","42","0","11","11","14","11","7","1","15","7","13","52","32","27","F","F","C","F","F","F","F","F","F","F","D","F","F","F","22","28","0","0","0","0","0","0","0","0","0","0","0","0","0","0","0","0","0","0","0","0","0"
"437","","Chris","Moreno","Chris Moreno","81","262","21","11","9","1995","USDL","1","Draft","-2","Draft","-2","N/A","0","","0","False","1","0","Santa Clara","Nampa","ID","93","98","91","67","25","25","47","0","13","1","30","25","23","7","28","3","20","63","36","30","D","D","C","F","F","F","C","D","D","F","D","F","F","F","41","48","0","0","0","0","0","0","0","0","0","0","0","0","0","0","0","0","0","0","0","0","0"
"438","","Djodja","Jovic","Djodja Jovic","85","235","18","4","18","1998","USDL","1","Draft","-2","Draft","-2","N/A","0","","0","False","1","0","None","Baric","Serbia","74","31","15","16","4","17","48","0","26","2","62","22","12","2","23","11","7","49","4","54","F","D","C","F","D","F","B","D","D","F","D","F","F","F","39","51","0","0","0","0","0","0","0","0","0","0","0","0","0","0","0","0","0","0","0","0","0"
"439","","Fritz","Cherry","Fritz Cherry","85","243","21","12","29","1995","USDL","1","Draft","-2","Draft","-2","N/A","0","","0","False","1","0","Dartmouth","Dover","NH","43","37","17","45","23","25","32","0","10","8","34","21","23","10","5","6","23","83","37","31","D","D","C","F","F","F","C","D","D","F","F","F","F","F","45","55","0","0","0","0","0","0","0","0","0","0","0","0","0","0","0","0","0","0","0","0","0"
"440","","Jeromy","Fish","Jeromy Fish","80","210","21","2","3","1996","USDL","1","Draft","-2","Draft","-2","N/A","0","","0","False","2","0","Texas","Maryland Heights","MO","89","87","27","15","12","13","61","0","8","4","3","2","10","2","11","5","33","50","84","35","C","D","B","F","F","F","F","F","D","F","D","F","F","F","29","47","0","0","0","0","0","0","0","0","0","0","0","0","0","0","0","0","0","0","0","0","0"
"441","","Jeff","Nagel","Jeff Nagel","81","231","21","8","12","1995","USDL","1","Draft","-2","Draft","-2","N/A","0","","0","False","2","0","Texas State","Childress","TX","30","8","87","4","11","39","39","21","9","13","34","37","17","2","14","2","14","48","38","28","F","C","C","D","F","D","D","C","D","F","D","F","F","F","40","48","0","0","0","0","0","0","0","0","0","0","0","0","0","0","0","0","0","0","0","0","0"
"442","","Chance","Jacobs","Chance Jacobs","77","175","21","11","1","1995","USDL","1","Draft","-2","Draft","-2","N/A","0","","0","False","4","0","North Carolina","Troy","NY","55","87","90","13","13","55","74","32","24","4","3","2","12","30","17","16","59","59","30","45","F","B","A","C","D","F","F","F","F","C","D","F","F","D","50","60","0","0","0","0","0","0","0","0","0","0","0","0","0","0","0","0","0","0","0","0","0"
"443","","Stephen","Marsh","Stephen Marsh","78","208","20","6","1","1996","USDL","1","Draft","-2","Draft","-2","N/A","0","","0","False","4","0","Wake Forest","Park Forest Village","PA","66","76","94","35","6","21","52","6","12","21","2","6","10","23","20","7","60","26","78","21","F","D","B","F","D","D","F","F","D","D","D","F","F","F","33","46","0","0","0","0","0","0","0","0","0","0","0","0","0","0","0","0","0","0","0","0","0"
"444","","Brady","Kendall","Brady Kendall","77","190","28","5","20","1988","USDL","1","FA","-1","FA","-1","N/A","0","","0","True","4","8","Louisiana State","Goldsboro","NC","8","65","75","71","2","45","71","19","31","8","5","6","5","20","14","6","60","26","85","21","F","C","B","D","D","F","F","F","F","D","F","F","F","F","37","38","0","0","0","0","0","0","0","0","0","0","0","0","0","0","0","0","0","0","0","0","0"
"445","","Bob","Fredette","Bob Fredette","85","229","22","2","8","1995","USDL","1","Draft","-2","Draft","-2","N/A","0","","0","False","1","0","Mississippi State","McComb","MS","31","16","41","79","2","29","63","0","27","6","5","17","14","2","19","18","26","56","67","68","F","C","B","F","C","F","F","D","D","F","D","D","F","F","40","50","0","0","0","0","0","0","0","0","0","0","0","0","0","0","0","0","0","0","0","0","0"
"446","","George","Etienne","George Etienne","78","206","21","6","13","1995","USDL","1","Draft","-2","Draft","-2","N/A","0","","0","False","3","0","Florida","Temple Terrace","FL","45","22","69","81","10","9","46","0","6","3","12","13","6","2","11","19","53","77","59","66","D","D","C","F","F","F","D","D","F","F","D","C","F","F","35","51","0","0","0","0","0","0","0","0","0","0","0","0","0","0","0","0","0","0","0","0","0"
"447","","Larry","Johnson","Larry Johnson","82","227","21","10","29","1995","USDL","1","Draft","-2","Draft","-2","N/A","0","","0","False","2","0","UTEP","Yucaipa","CA","41","23","77","85","3","23","59","0","16","5","13","32","23","4","9","9","11","45","38","25","F","C","B","F","D","F","F","C","D","F","F","F","F","F","32","45","0","0","0","0","0","0","0","0","0","0","0","0","0","0","0","0","0","0","0","0","0"
"448","","Chris","Gandy","Chris Gandy","79","198","21","8","21","1995","USDL","1","Draft","-2","Draft","-2","N/A","0","","0","False","3","0","UC Santa Barbara","Worthington","MN","40","50","17","52","12","23","59","0","17","7","40","36","5","42","7","22","50","54","78","45","F","D","B","F","D","F","D","C","F","C","F","D","F","F","45","53","0","0","0","0","0","0","0","0","0","0","0","0","0","0","0","0","0","0","0","0","0"
"449","","Bruno","Simmons","Bruno Simmons","75","185","23","1","1","1994","USDL","1","FA","-1","FA","-1","N/A","0","","0","False","5","0","Syracuse","New York","NY","70","65","82","96","6","41","80","14","15","1","3","7","7","13","7","2","71","18","56","25","F","C","B","D","F","F","F","F","F","F","F","F","F","F","32","38","0","0","0","0","0","0","0","0","0","0","0","0","0","0","0","0","0","0","0","0","0"
"450","","Laurence","Hill","Laurence Hill","84","229","21","8","11","1995","USDL","1","Draft","-2","Draft","-2","N/A","0","","0","False","2","0","Texas","El Paso","TX","57","34","76","62","7","17","29","2","17","18","11","15","3","6","3","18","15","63","59","29","F","D","D","F","D","D","F","D","F","F","F","D","F","F","31","41","0","0","0","0","0","0","0","0","0","0","0","0","0","0","0","0","0","0","0","0","0"
