"ID","HistoricalID","FirstName","LastName","Name","Height","Weight","Age","BirthMonth","BirthDay","BirthYear","CurrentLeague","CurrentLeagueID","CurrentTeam","CurrentTeamID","ContractTeam","ContractTeamID","DlgTeam","DlgTeamID","Injury","TimeInjured","Inactive","PositionNumber","Experience","College","City","State","Greed","Happiness","Loyalty","Winner","InsideScoring","JumpShot","FreeThrowShot","ThreePointShot","Handling","Passing","OffensiveRebounding","DefensiveRebounding","PostDefense","PerimeterDefense","Stealing","ShotBlocking","Quickness","Strength","Stamina","Jumping","Pot_Inside","Pot_Jumpshot","Pot_FreeThrow","Pot_3pShot","Pot_Handling","Pot_Passing","Pot_ORebounding","Pot_DRebounding","Pot_PostDefense","Pot_PerimeterDefense","Pot_Stealing","Pot_Blocking","CurrentRating","FutureRating","OverallRating","OverallPotential","Championships","PlayerOfGame","PlayerOfWeek","PlayerOfMonth","Contract1","Contract2","Contract3","Contract4","Contract5","Contract6","Contract7","Contract8","OptionType1","OptionType2","OptionType3","OptionType4","OptionType5","OptionType6","OptionType7","OptionType8","BirdYears"
"41","","Chris","Harper","Chris Harper","87","229","23","10","27","1992","USDL","1","Rio Grand Valley","14","Rio Grand Valley","14","N/A","0","","0","False","1","0","Villanova","Old Town","ME","71","41","3","49","D ","D ","C+","F-","F-","F-","F ","D-","F+","F ","F ","F+","D ","A-","B-","B ","D ","D ","B ","F ","F ","F ","F ","D ","F ","F ","F ","F ","F","F","45","54","0","2","0","0","23781","24660","25539","26417","0","0","0","0","0","0","0","0","0","0","0","0","0"
"42","","Billie","Holmes","Billie Holmes","83","227","26","1","16","1990","USDL","1","Rio Grand Valley","14","Rio Grand Valley","14","N/A","0","Bruised Hip","0","False","1","4","Mississippi","Tupelo","MS","29","31","20","12","D ","D+","C+","F-","C ","D-","D ","B ","C ","F-","D ","C ","D-","B-","B ","C-","D ","D ","C ","F ","C ","D ","D ","B ","C ","F ","D ","D ","D","D","70","73","0","3","0","0","250000","270000","290000","310000","330000","350000","0","0","0","0","0","0","0","0","0","0","0"
"43","","Merle","Andrews","Merle Andrews","85","239","33","7","23","1982","USDL","1","Toronto","21","Toronto","21","N/A","0","Blurred Vision","0","False","1","11","Louisiana-Monroe","Conway","AR","25","29","54","98","D-","C-","C ","F ","D ","F-","C-","C ","C+","F+","D ","B-","F ","C+","F+","D-","D ","C ","C ","F ","D ","F ","D ","C ","B ","F ","D ","B ","D","D","66","73","0","0","0","0","307693","0","0","0","0","0","0","0","0","0","0","0","0","0","0","0","4"
"44","","Cliff","White","Cliff White","84","240","41","11","10","1974","USDL","1","FA","-1","FA","-1","N/A","0","","0","False","1","18","Villanova","Washington","DC","24","65","92","82","F-","D+","C+","F-","F+","F-","F-","F ","D+","D-","F-","D-","F-","C+","D-","C-","F ","D ","C ","F ","D ","F ","F ","F ","D ","D ","F ","F ","F","F","32","35","0","0","0","0","0","0","0","0","0","0","0","0","0","0","0","0","0","0","0","0","0"
"45","","Cyrus","Perez","Cyrus Perez","85","238","25","3","21","1991","USDL","1","Idaho","9","Idaho","9","N/A","0","Sprained Knee","0","False","1","6","Stanford","San Jose","CA","69","18","73","55","D ","C-","D+","F-","D-","F+","F+","F ","B-","F-","F ","C ","D ","B-","D ","C ","D ","C ","D ","F ","D ","F ","F ","F ","B ","F ","F ","B ","F","D","56","63","0","2","0","0","185501","208689","231876","255064","0","0","0","0","0","0","0","0","0","0","0","0","1"
"46","","William","Baker","William Baker","85","247","28","2","19","1988","USDL","1","FA","-1","FA","-1","N/A","0","","0","True","1","9","Brigham Young","Long Beach","CA","10","65","30","54","F ","C-","C+","F-","F-","F ","F ","F+","F ","F-","D-","D-","F-","C+","C ","D+","F ","D ","B ","F ","F ","F ","F ","F ","F ","F ","F ","D ","F","F","30","34","0","0","0","0","0","0","0","0","0","0","0","0","0","0","0","0","0","0","0","0","0"
"47","","David","Mitchell","David Mitchell","86","240","24","8","22","1991","USDL","1","Los Angeles","11","Los Angeles","11","N/A","0","","0","False","1","4","Creighton","Chaska","MN","44","2","89","95","F-","D-","C ","F-","F+","F ","F+","F+","F ","F-","F-","F+","F+","C+","C+","B-","F ","D ","C ","F ","D ","F ","D ","D ","F ","F ","F ","D ","F","F","35","50","0","0","0","0","14100","0","0","0","0","0","0","0","0","0","0","0","0","0","0","0","0"
"48","","Feodor","Belyakova","Feodor Belyakova","82","231","26","1","12","1990","USDL","1","Fort Wayne","8","Fort Wayne","8","N/A","0","","0","False","1","3","None","Blagoveshchensk","Russia","64","2","49","8","F ","F ","C-","F-","F+","F ","F+","C ","D ","F ","F ","C ","F+","C+","C+","C+","F ","F ","C ","F ","F ","F ","F ","C ","D ","F ","F ","C ","F","F","46","50","0","0","0","0","13500","0","0","0","0","0","0","0","0","0","0","0","0","0","0","0","0"
"49","","Larry","Mundell","Larry Mundell","82","239","35","5","16","1980","USDL","1","Erie","7","Erie","7","N/A","0","","0","False","1","13","Arizona","Mesa","AZ","59","2","12","78","C ","D ","C-","F-","D-","D-","F+","D ","D ","D-","F+","D ","F ","B ","F-","D ","C ","D ","D ","F ","D ","D ","F ","D ","D ","D ","F ","D ","F","F","41","47","0","0","0","0","23800","0","0","0","0","0","0","0","0","0","0","0","0","0","0","0","0"
"50","","Charles","Estrada","Charles Estrada","86","257","21","5","25","1994","USDL","1","Rio Grand Valley","14","Rio Grand Valley","14","N/A","0","","0","False","1","1","Oklahoma","Wilburton","OK","41","2","36","89","C ","F-","C-","F-","F ","F ","D ","F ","C-","F-","F ","D-","F-","B-","C-","D-","C ","F ","D ","F ","F ","F ","D ","F ","C ","F ","F ","D ","F","D","45","61","0","0","0","0","24079","27089","30099","0","0","0","0","0","0","0","0","0","0","0","0","0","1"
"51","","Eric","Tsai","Eric Tsai","86","224","31","12","16","1984","USDL","1","Santa Cruz","15","Santa Cruz","15","N/A","0","Stress Fracture","32","True","1","10","Navy","St. Charles","MD","28","16","31","37","F+","F ","C-","F-","F+","F-","C ","C+","C ","F ","F-","D+","F-","C ","F ","D ","F ","F ","C ","F ","F ","F ","C ","C ","B ","F ","F ","D ","F","D","57","64","0","1","0","0","259701","0","0","0","0","0","0","0","0","0","0","0","0","0","0","0","0"
"52","","Dorofei","Rodzianko","Dorofei Rodzianko","83","223","27","5","25","1988","USDL","1","FA","-1","FA","-1","N/A","0","","0","True","1","7","None","Sayansk","Russia","47","65","21","71","F-","D-","C-","F-","C-","F-","F-","F ","D ","F-","F+","F+","F-","C+","D-","C ","F ","D ","D ","F ","D ","F ","F ","F ","D ","F ","F ","F ","F","F","28","31","0","0","0","0","0","0","0","0","0","0","0","0","0","0","0","0","0","0","0","0","0"
"53","","Kevin","Weaver","Kevin Weaver","82","240","25","1","31","1991","USDL","1","FA","-1","FA","-1","N/A","0","","0","True","1","2","Kansas State","Allen","TX","59","55","48","94","F+","F ","C ","F-","D ","F-","F ","F-","D-","F-","F ","D ","F+","B ","F+","C-","D ","F ","C ","F ","D ","F ","F ","F ","D ","F ","F ","D ","F","F","28","38","0","0","0","0","0","0","0","0","0","0","0","0","0","0","0","0","0","0","0","0","0"
"54","","Andrew","Richardson","Andrew Richardson","83","226","32","10","6","1983","USDL","1","Los Angeles","11","Los Angeles","11","N/A","0","","0","False","1","11","Fresno State","Moreno Valley","CA","2","26","62","45","F-","D ","F ","F+","D-","F ","C ","D-","C-","F ","F ","D-","F ","B ","C ","C ","F ","D ","F ","D ","D ","F ","C ","D ","D ","F ","F ","F ","F","F","46","50","0","0","0","0","140458","158015","175572","193130","0","0","0","0","0","0","0","0","0","0","0","0","3"
"55","","Ervin","Henderson","Ervin Henderson","84","249","27","10","12","1988","USDL","1","Grand Rapids","19","Grand Rapids","19","N/A","0","","0","False","1","7","Kansas","Schuyler","NE","19","2","52","74","D-","C-","C+","F-","C ","D-","F+","F+","D ","F-","F-","D ","F-","B ","D ","D+","D ","C ","B ","F ","C ","F ","F ","F ","D ","F ","F ","D ","F","F","38","42","0","0","0","0","18500","0","0","0","0","0","0","0","0","0","0","0","0","0","0","0","0"
"56","","Tony","Thompson","Tony Thompson","82","270","31","11","19","1984","USDL","1","Santa Cruz","15","Santa Cruz","15","N/A","0","Fractured Nose","0","False","1","7","Syracuse","Fairborn","OH","57","40","1","99","D ","F-","D+","F ","F+","F-","F ","D ","C ","F-","C ","C ","F+","B-","C-","C ","D ","F ","D ","F ","F ","F ","F ","D ","C ","F ","C ","C ","F","F","50","54","0","0","0","0","175382","0","0","0","0","0","0","0","0","0","0","0","0","0","0","0","5"
"57","","Francisek","Baraga","Francisek Baraga","84","234","28","2","25","1988","USDL","1","Los Angeles","11","Los Angeles","11","N/A","0","Broken Foot","0","False","1","7","None","Ljubljana","Slovenia","29","7","26","44","F-","F ","D+","F-","C-","D-","F ","C-","C+","F-","F-","C ","D-","C+","C+","C ","F ","F ","D ","F ","D ","F ","F ","D ","C ","F ","F ","C ","F","F","56","58","0","0","0","0","231890","255079","278268","301457","324646","347835","0","0","0","0","0","0","0","0","0","0","2"
"58","","Sherman","White","Sherman White","83","209","20","9","16","1995","USDL","1","Reno","13","Reno","13","N/A","0","","0","False","1","0","Northern Arizona","Chino Hills","CA","74","41","12","11","F+","F+","C+","F-","D ","F ","C-","D-","C ","D-","F ","C-","D-","C ","D ","C ","F ","D ","C ","F ","D ","F ","D ","D ","C ","D ","F ","C ","F","F","47","59","0","1","0","0","26506","29157","31807","34458","0","0","0","0","0","0","0","0","0","0","0","0","0"
"59","","Zacarías","Criville","Zacarías Criville","85","237","31","10","10","1984","USDL","1","FA","-1","FA","-1","N/A","0","","0","False","1","9","Stephen F. Austin","Durant","OK","2","96","95","31","F-","D-","C ","F-","D-","F-","B-","C-","C ","F-","D ","C ","C-","C-","B ","C-","F ","D ","C ","F ","F ","F ","A ","D ","C ","F ","D ","D ","F","D","57","62","0","0","0","0","0","0","0","0","0","0","0","0","0","0","0","0","0","0","0","0","0"
"60","","Justin","Falco","Justin Falco","82","231","27","5","4","1988","USDL","1","Idaho","9","Idaho","9","N/A","0","Broken Ankle","37","True","1","9","Morgan State","Bowie","MD","14","2","70","80","D-","B-","C ","F-","F-","D-","D-","F-","C-","F ","F-","C ","C-","C ","C ","C-","F ","B ","C ","F ","F ","F ","D ","F ","D ","F ","F ","C ","F","F","43","44","0","0","0","0","23000","0","0","0","0","0","0","0","0","0","0","0","0","0","0","0","0"
"61","","Haywood","Smith","Haywood Smith","87","227","25","2","21","1991","USDL","1","Delaware","18","Delaware","18","N/A","0","","0","False","1","5","UCLA","Murrieta","CA","56","2","57","55","F-","D+","C-","F-","D-","F ","D ","F ","C ","F ","F+","F+","F ","A-","C ","C ","F ","D ","D ","F ","D ","F ","D ","F ","B ","F ","D ","D ","F","F","46","57","0","0","0","0","74102","79899","85697","0","0","0","0","0","0","0","0","0","0","0","0","0","4"
"62","","Tuan","Green","Tuan Green","83","238","22","9","5","1993","USDL","1","Maine","12","Maine","12","N/A","0","","0","False","1","1","Kansas","Brownsburg","IN","80","37","95","44","F ","F+","C ","F-","D+","F ","F+","F+","C-","D-","F-","D ","F ","C-","C+","D ","F ","D ","C ","F ","D ","F ","F ","F ","C ","D ","F ","D ","F","F","36","42","0","0","0","0","11100","0","0","0","0","0","0","0","0","0","0","0","0","0","0","0","0"
"63","","Rusty","Barton","Rusty Barton","83","226","22","9","30","1993","USDL","1","Reno","13","Reno","13","N/A","0","","0","True","1","0","Oklahoma","Mansfield","AR","51","65","58","89","F-","F-","C-","F-","F ","F-","F ","F ","D ","F-","F-","F ","F ","C+","D-","D+","F ","F ","D ","F ","F ","F ","D ","F ","C ","F ","F ","F ","F","F","25","39","0","0","0","0","7600","0","0","0","0","0","0","0","0","0","0","0","0","0","0","0","0"
"64","","Delbert","Benjamin","Delbert Benjamin","82","271","24","11","7","1991","USDL","1","Sioux Falls","16","Sioux Falls","16","N/A","0","","0","False","1","4","Illinois","New York","NY","37","41","60","24","F+","D-","C-","F-","F ","F ","C ","C ","C-","F-","F-","F ","D-","B-","C ","C ","F ","D ","D ","F ","F ","F ","C ","B ","D ","F ","F ","F ","F","F","47","58","0","0","0","0","100327","110360","0","0","0","0","0","0","0","0","0","0","0","0","0","0","4"
"65","","Kendrick","Madden","Kendrick Madden","83","229","29","12","13","1986","USDL","1","Erie","7","Erie","7","N/A","0","","0","False","1","10","Providence","Evansburg","PA","38","20","49","81","C-","F+","C ","F-","F+","F+","C ","D ","F+","F-","F ","C-","F ","B+","D+","C ","D ","F ","C ","F ","F ","F ","C ","D ","F ","F ","F ","D ","F","F","48","53","0","0","0","0","185540","186412","187284","188156","0","0","0","0","0","0","0","0","0","0","0","0","6"
"66","","Ray","Lewis","Ray Lewis","83","234","23","1","18","1993","USDL","1","FA","-1","FA","-1","N/A","0","","0","False","1","2","Northern Arizona","Belmont","CA","74","9","44","89","F ","D ","C ","F-","F ","F-","F ","F+","C-","F-","F ","D-","D ","C-","C ","B+","F ","C ","C ","F ","F ","F ","F ","D ","C ","F ","F ","D ","F","F","41","55","0","0","0","0","0","0","0","0","0","0","0","0","0","0","0","0","0","0","0","0","0"
"67","","Donte","Dalrymple","Donte Dalrymple","85","228","30","6","12","1985","USDL","1","Delaware","18","Delaware","18","N/A","0","","0","False","1","10","Nebraska","Springfield","IL","2","34","6","42","F+","C-","B ","F-","D-","F+","C ","D ","C-","F-","D ","C ","F-","C+","F+","C ","F ","D ","B ","F ","D ","F ","C ","D ","D ","F ","D ","C ","F","F","53","55","0","3","0","0","64818","70003","75189","0","0","0","0","0","0","0","2","0","0","0","0","0","0"
"68","","Eutropio","Francia","Eutropio Francia","84","229","32","6","27","1983","USDL","1","Oklahoma City","20","Oklahoma City","20","N/A","0","Broken Nose","0","False","2","12","Auburn","Pinewood","FL","86","42","37","76","F ","F ","C ","F-","F ","F-","C ","C-","C ","F ","F ","F+","F-","B ","F+","C+","F ","F ","D ","F ","F ","F ","C ","D ","D ","F ","F ","F ","F","F","53","57","0","0","0","0","247316","0","0","0","0","0","0","0","0","0","0","0","0","0","0","0","2"
"69","","Scott","Roberts","Scott Roberts","86","229","27","2","7","1989","USDL","1","Westchester","22","Westchester","22","N/A","0","","0","False","1","4","Michigan State","Philadelphia","PA","9","32","79","77","F-","C-","C ","F-","F+","F-","D+","F ","D+","F ","F ","D ","F-","A-","D+","D-","F ","D ","B ","F ","F ","F ","D ","F ","D ","F ","F ","D ","F","F","37","41","0","1","0","0","14100","0","0","0","0","0","0","0","0","0","0","0","0","0","0","0","0"
"70","","John","Hart","John Hart","90","201","27","10","21","1988","USDL","1","Los Angeles","11","Los Angeles","11","N/A","0","","0","False","1","4","Stanford","Tacoma","WA","1","65","100","97","D-","F+","F+","F-","D-","F ","F+","F ","C-","F ","F ","F+","D ","C+","D ","C ","D ","F ","F ","F ","D ","F ","F ","F ","D ","F ","F ","F ","F","F","38","40","0","0","0","0","14100","0","0","0","0","0","0","0","0","0","0","0","0","0","0","0","0"
"71","","Mark","Wilson","Mark Wilson","84","215","35","4","5","1981","USDL","1","Maine","12","Maine","12","N/A","0","","0","False","1","14","Kansas","Wichita","KS","36","13","75","15","C ","F+","C ","F-","D-","F ","F-","D-","C-","F ","F ","D ","F-","B-","F+","D+","C ","F ","C ","F ","D ","F ","F ","D ","D ","F ","F ","D ","F","F","49","56","0","2","0","0","215016","0","0","0","0","0","0","0","0","0","0","0","0","0","0","0","7"
"72","","Lonnie","Orth","Lonnie Orth","84","246","30","10","5","1985","USDL","1","Westchester","22","Westchester","22","N/A","0","","0","False","1","9","Michigan","Sterling Heights","MI","94","65","97","39","D-","F-","C-","F-","F+","D ","F-","F ","C-","F-","D-","D+","F-","C ","D ","D ","F ","F ","D ","F ","F ","D ","F ","F ","C ","F ","D ","D ","F","F","36","40","0","0","0","0","23000","0","0","0","0","0","0","0","0","0","0","0","0","0","0","0","0"
"73","","Daniel","Small","Daniel Small","83","284","27","7","16","1988","USDL","1","Reno","13","Reno","13","N/A","0","Broken Finger","0","False","1","9","None","Perth","Australia","63","27","80","78","C-","F ","D+","F-","C ","F ","C-","F ","C-","F+","F+","C-","F ","B-","D ","D ","D ","F ","D ","F ","C ","F ","C ","F ","C ","F ","F ","D ","F","F","45","51","0","0","0","0","88923","95629","102334","0","0","0","0","0","0","0","0","0","0","0","0","0","4"
"74","","Patrick","Thompson","Patrick Thompson","81","230","29","10","15","1986","USDL","1","Grand Rapids","19","Grand Rapids","19","N/A","0","","0","False","2","6","Hawaii","Haiku-Pauwela","HI","40","30","65","76","F ","D ","B-","F-","C ","D-","B-","D ","A ","F ","F ","C ","F-","C ","D+","C-","F ","D ","B ","F ","C ","F ","B ","D ","A ","F ","F ","C ","F","D","58","60","0","3","0","0","179972","0","0","0","0","0","0","0","0","0","0","0","0","0","0","0","6"
"75","","Mason","Adams","Mason Adams","80","237","35","11","1","1980","USDL","1","Oklahoma City","20","Oklahoma City","20","N/A","0","","0","False","2","15","Morehead State","Bellevue","KY","23","2","80","35","D+","F ","D+","F-","F+","F ","D+","D+","F ","F ","F+","C ","F-","B+","D ","C ","D ","F ","D ","F ","F ","F ","D ","D ","F ","F ","F ","B ","F","F","42","47","0","0","0","0","23800","0","0","0","0","0","0","0","0","0","0","0","0","0","0","0","0"
"76","","Wesley","Rodgers","Wesley Rodgers","83","219","37","2","10","1979","USDL","1","Oklahoma City","20","Oklahoma City","20","N/A","0","","0","False","1","13","Texas A&M-CC","Penn Hills","PA","35","30","24","49","C-","D-","C ","F-","D+","F-","C ","C-","D ","F+","D-","D+","D-","A-","C+","A-","D ","D ","C ","F ","D ","F ","B ","C ","D ","F ","D ","D ","D","D","64","72","0","3","0","0","303048","308748","0","0","0","0","0","0","0","0","0","0","0","0","0","0","7"
"77","","Jaime","Jones","Jaime Jones","85","254","25","6","15","1990","USDL","1","Canton","6","Canton","6","N/A","0","Severe Migraines","0","False","1","3","Minnesota","Appleton","WI","62","2","56","93","F+","F+","C ","F-","F+","F ","F ","D ","D ","F-","F-","C ","F ","B-","D+","C-","F ","D ","C ","F ","D ","F ","F ","D ","D ","F ","F ","C ","F","F","43","47","0","0","0","0","20250","0","0","0","0","0","0","0","0","0","0","0","0","0","0","0","3"
"78","","Robert","Hunt","Robert Hunt","83","247","24","3","28","1992","USDL","1","FA","-1","FA","-1","N/A","0","","0","True","1","3","Arkansas","Houston","TX","87","65","69","41","F-","F ","C ","F-","F+","F ","F ","F-","D-","F-","D-","F+","F ","C+","D-","C-","F ","F ","C ","F ","D ","F ","D ","F ","D ","F ","D ","D ","F","F","23","34","0","0","0","0","0","0","0","0","0","0","0","0","0","0","0","0","0","0","0","0","0"
"79","","Kevin","Davis","Kevin Davis","85","243","33","3","14","1983","USDL","1","FA","-1","FA","-1","N/A","0","","0","False","1","10","Cincinnati","Chicago","IL","31","49","22","1","C-","F ","C-","F-","F ","F ","C-","D ","C ","D ","D-","C+","D+","A-","C ","C ","C ","F ","D ","F ","F ","F ","D ","D ","C ","D ","F ","B ","D","D","68","74","0","0","0","0","0","0","0","0","0","0","0","0","0","0","0","0","0","0","0","0","0"
"80","","Emmitt","Bowman","Emmitt Bowman","84","231","26","7","24","1989","USDL","1","Iowa","10","Iowa","10","N/A","0","","0","False","1","7","Louisiana Tech","Timberlane","LA","69","28","15","62","F+","C-","B+","F-","F+","F-","F+","D+","D ","F-","D-","F+","F ","A-","C-","D ","D ","C ","B ","F ","F ","F ","F ","D ","D ","F ","D ","D ","F","F","43","50","0","2","0","0","88923","100038","0","0","0","0","0","0","0","0","0","0","0","0","0","0","6"
"81","","Len","Gatlin","Len Gatlin","89","228","38","4","15","1978","USDL","1","Delaware","18","Delaware","18","N/A","0","Jammed Finger","0","False","1","19","Southern Methodist","San Francisco","CA","58","26","24","63","F-","D+","C+","F-","D ","D-","D+","B+","C-","D-","F ","C+","C-","B ","C-","D-","F ","D ","B ","F ","D ","F ","D ","B ","D ","D ","F ","B ","D","D","62","65","0","0","0","0","298404","307371","0","0","0","0","0","0","0","0","0","0","0","0","0","0","2"
"82","","Robert","Wilkins","Robert Wilkins","83","242","21","5","15","1994","USDL","1","Toronto","21","Toronto","21","N/A","0","","0","False","1","0","Maryland","Halfway","MD","25","2","70","60","D ","D ","C ","F-","F+","F-","F ","D+","D ","F+","F+","D-","F ","B ","F-","C ","C ","D ","C ","F ","D ","F ","F ","C ","D ","D ","D ","D ","F","D","41","60","0","0","0","0","8335","11100","0","0","0","0","0","0","0","0","0","0","0","0","0","0","0"
"83","","Kenneth","Rodriguez","Kenneth Rodriguez","83","241","31","3","1","1985","USDL","1","FA","-1","FA","-1","N/A","0","","0","False","1","10","San Diego","Bakersfield","CA","79","88","45","31","F-","D+","D ","F-","D-","F-","D+","C ","D-","F+","D ","D ","C ","B-","B+","A+","F ","D ","D ","F ","F ","F ","D ","C ","D ","F ","D ","D ","F","D","56","60","0","0","0","0","0","0","0","0","0","0","0","0","0","0","0","0","0","0","0","0","0"
"84","","Benton","Morton","Benton Morton","84","245","23","11","15","1992","USDL","1","Idaho","9","Idaho","9","N/A","0","","0","False","1","0","Duke","Jacksonville","FL","23","37","53","37","F ","F ","C-","F-","F ","F-","D-","C-","D ","F-","D-","D+","F-","B+","F-","C-","F ","F ","D ","F ","F ","F ","F ","C ","D ","F ","D ","C ","F","F","42","56","0","0","0","0","13315","14979","16644","0","0","0","0","0","0","0","0","0","0","0","0","0","0"
"85","","Oscar","Vaughan","Oscar Vaughan","84","232","26","2","11","1990","USDL","1","Fort Wayne","8","Fort Wayne","8","N/A","0","","0","False","1","2","Cal State Fullerton","Cudahy","CA","70","2","14","97","D ","C ","C+","F-","C+","F ","C-","F ","D-","F ","D-","C-","D-","C+","D ","B ","D ","C ","B ","F ","C ","F ","D ","F ","D ","F ","F ","D ","F","F","49","53","0","3","1","0","37108","38971","0","0","0","0","0","0","0","0","0","0","0","0","0","0","2"
"86","","James","Alessi","James Alessi","84","230","29","5","16","1986","USDL","1","Erie","7","Erie","7","N/A","0","","0","False","1","7","Utah","Visalia","CA","19","39","91","22","F+","F+","C ","F-","F-","F-","D ","F+","C ","F ","F-","C+","D-","C ","C ","B ","F ","F ","C ","F ","F ","F ","D ","F ","C ","F ","F ","C ","F","F","53","57","0","0","0","0","211985","221722","231459","241196","0","0","0","0","0","0","0","0","0","0","0","0","0"
"87","","Carlo","Santos","Carlo Santos","84","240","20","10","16","1995","USDL","1","Texas","17","Texas","17","N/A","0","","0","True","1","0","Washington","McKinleyville","CA","49","52","34","3","F ","F ","C ","F-","F+","F ","F ","F ","F ","F ","D-","F+","F ","C ","C ","D+","F ","D ","C ","F ","D ","F ","F ","F ","F ","F ","C ","D ","F","F","27","38","0","0","0","0","7600","0","0","0","0","0","0","0","0","0","0","0","0","0","0","0","0"
"88","","Miro","Mankoc","Miro Mankoc","85","235","33","4","24","1983","USDL","1","Fort Wayne","8","Fort Wayne","8","N/A","0","","0","False","1","10","None","Kranj","Slovenia","87","33","45","82","F-","C ","B ","F-","F-","F ","C-","F+","B-","F-","D-","D-","C-","C+","B ","B+","F ","C ","A ","F ","F ","F ","D ","F ","B ","F ","F ","F ","D","D","61","63","0","8","0","0","295308","307413","319518","331623","0","0","0","0","0","0","0","0","0","0","0","0","1"
"89","","Robert","Perez","Robert Perez","86","231","27","5","25","1988","USDL","1","Texas","17","Texas","17","N/A","0","","0","False","1","8","Jacksonville State","San Bernardino","CA","56","11","50","79","F ","D ","C+","F-","F+","F+","F-","C ","C+","F ","F ","C ","F ","B ","C-","D ","F ","D ","C ","F ","F ","F ","F ","C ","B ","F ","F ","D ","F","D","59","61","0","0","0","0","245159","259711","0","0","0","0","0","0","0","0","0","0","0","0","0","0","2"
"90","","Tobias","Jenkins","Tobias Jenkins","84","222","19","3","12","1997","USDL","1","Iowa","10","Iowa","10","N/A","0","","0","False","1","0","Northern Iowa","Joliet","IL","36","21","73","71","F-","F ","C ","F-","F+","D-","F+","F+","F+","F ","F-","F+","C ","C ","C+","C+","F ","F ","C ","F ","D ","D ","D ","D ","D ","F ","F ","D ","F","F","34","48","0","0","0","0","7600","0","0","0","0","0","0","0","0","0","0","0","0","0","0","0","0"
"91","","Hubert","Taylor","Hubert Taylor","86","224","30","6","2","1985","USDL","1","Toronto","21","Toronto","21","N/A","0","","0","False","2","7","New Mexico","Shiprock","NM","41","28","41","22","F-","D+","C+","F-","F+","F+","C ","D-","B ","F ","F+","C+","F-","C+","D-","D+","F ","D ","B ","F ","F ","F ","D ","D ","B ","F ","F ","C ","F","F","57","59","0","2","0","0","231890","244541","257191","269842","282493","0","0","0","0","0","0","0","0","0","0","0","7"
"92","","Chris","Poff","Chris Poff","81","251","34","2","4","1982","USDL","1","Toronto","21","Toronto","21","N/A","0","","0","False","1","15","Georgia","Moultrie","GA","77","37","65","58","F-","D-","C ","F-","F ","F+","F+","C-","C-","F-","F ","F-","D-","B+","C ","C ","F ","F ","C ","F ","F ","F ","F ","D ","D ","F ","F ","F ","F","F","38","39","0","0","0","0","23800","0","0","0","0","0","0","0","0","0","0","0","0","0","0","0","0"
"93","","Daniel","Martinez","Daniel Martinez","84","237","32","7","3","1983","USDL","1","Texas","17","Texas","17","N/A","0","","0","False","1","13","Austin Peay","Garland","TX","15","17","79","14","F+","D+","B-","F-","F ","F ","D ","F+","B-","D-","F ","F+","F-","B+","F+","D+","F ","D ","B ","F ","F ","F ","D ","F ","B ","F ","F ","F ","F","F","49","54","0","1","0","0","204613","206260","0","0","0","0","0","0","0","0","0","0","0","0","0","0","4"
"94","","Ollie","Flowers","Ollie Flowers","84","231","29","4","7","1987","USDL","1","Canton","6","Canton","6","N/A","0","Jammed Finger","0","False","1","10","Villanova","New Castle","PA","68","35","97","62","F+","F ","C-","F-","D+","F-","C-","D-","C ","F-","F ","D ","F+","B+","C ","C ","F ","F ","C ","F ","D ","F ","C ","F ","C ","F ","F ","D ","F","F","52","58","0","1","0","0","225419","236538","0","0","0","0","0","0","0","0","0","0","0","0","0","0","0"
"95","","Eugenio","Hall","Eugenio Hall","83","211","24","5","10","1991","USDL","1","Sioux Falls","16","Sioux Falls","16","N/A","0","Severe Migraines","0","False","1","1","St. Francis-NY","Manchester","NH","1","22","53","57","D-","D ","C ","F-","D+","F+","F+","D+","C ","F-","F-","D ","F-","C+","C-","C-","F ","D ","C ","F ","D ","F ","F ","D ","C ","F ","F ","D ","F","F","46","48","0","0","0","0","24079","27089","30099","0","0","0","0","0","0","0","0","0","0","0","0","0","1"
"96","","Roy","Roberts","Roy Roberts","85","227","24","1","13","1992","USDL","1","FA","-1","FA","-1","N/A","0","","0","False","1","2","Southern Illinois","Benavides","TX","80","52","17","71","C-","F-","C-","F-","D-","F-","F-","F+","C ","F-","D-","C-","F ","C ","C ","D+","C ","F ","D ","F ","D ","F ","F ","F ","B ","F ","D ","D ","F","D","48","62","0","0","0","0","0","0","0","0","0","0","0","0","0","0","0","0","0","0","0","0","0"
"97","","Ratibor","Babich","Ratibor Babich","83","245","23","2","12","1993","USDL","1","Westchester","22","Westchester","22","N/A","0","","0","False","1","0","None","Krizevci","Croatia","49","2","96","23","F-","F+","C ","F-","F ","F-","F+","F+","D ","F-","F-","D-","D-","C+","C-","B-","F ","D ","C ","F ","D ","F ","D ","D ","C ","F ","F ","D ","F","F","37","53","0","0","0","0","7600","11100","0","0","0","0","0","0","0","0","0","0","0","0","0","0","0"
"98","","Andy","Irwin","Andy Irwin","81","231","34","3","2","1982","USDL","1","Oklahoma City","20","Oklahoma City","20","N/A","0","","0","False","1","13","Colgate","Bridgeport","PA","32","37","100","97","F ","F+","C ","F-","F ","F-","D-","C+","D+","F-","F+","D+","F ","B ","C ","C-","F ","F ","C ","F ","F ","F ","D ","C ","D ","F ","F ","D ","F","F","45","46","0","0","0","0","23800","0","0","0","0","0","0","0","0","0","0","0","0","0","0","0","0"
"99","","Joe","Scott","Joe Scott","84","247","24","12","13","1991","USDL","1","Grand Rapids","19","Grand Rapids","19","N/A","0","","0","False","1","2","Cal State Bakersfield","Sunnyvale","CA","92","24","27","36","D-","F-","C-","F-","F ","F-","D-","F+","C ","F ","D+","D+","F+","C+","F+","C+","D ","F ","C ","F ","D ","F ","D ","D ","B ","F ","C ","C ","F","D","48","75","0","0","0","0","33293","37455","0","0","0","0","0","0","0","0","0","0","0","0","0","0","2"
"100","","James","Sabin","James Sabin","83","225","25","4","26","1991","USDL","1","Iowa","10","Iowa","10","N/A","0","","0","False","1","6","Oklahoma State","Taylorsville","UT","47","25","90","56","D-","D ","C-","F-","D ","F-","C ","D+","D+","F-","F+","F ","D+","C ","B ","C ","D ","D ","C ","F ","D ","F ","C ","D ","C ","F ","F ","F ","F","D","48","60","0","2","0","0","132528","141052","149576","158101","0","0","0","0","0","0","0","0","0","0","0","0","3"
"101","","Antione","Garcia","Antione Garcia","84","234","28","6","6","1987","USDL","1","Westchester","22","Westchester","22","N/A","0","","0","False","1","9","None","Sunnyvale","CA","30","19","67","73","F+","D-","C-","F-","F-","F-","F ","C ","B ","D ","F ","D-","F ","B-","C ","C ","F ","F ","D ","F ","F ","F ","F ","D ","B ","D ","F ","F ","F","D","58","60","0","0","0","0","245159","0","0","0","0","0","0","0","0","0","0","0","0","0","0","0","0"
"102","","John","Smith","John Smith","83","223","23","6","6","1992","USDL","1","Sioux Falls","16","Sioux Falls","16","N/A","0","","0","False","1","0","Green Bay","Duluth","MN","21","2","80","13","D-","F ","C-","F-","D-","F ","C ","C-","D ","F-","F-","F-","F+","C ","D-","C ","D ","F ","C ","F ","D ","F ","A ","C ","C ","F ","F ","F ","F","D","43","64","0","0","0","0","13315","14543","15770","0","0","0","0","0","0","0","0","0","0","0","0","0","0"
"103","","Ward","Miller","Ward Miller","84","228","22","2","28","1994","USDL","1","Bakersfield","5","Bakersfield","5","N/A","0","","0","False","1","0","Michigan State","Deltona","FL","46","48","60","76","F ","F-","C-","F-","F-","F-","D-","C ","F+","F ","F-","F ","C-","C ","A-","C ","F ","F ","C ","F ","F ","F ","C ","B ","D ","F ","F ","F ","F","D","46","68","0","0","0","0","23781","23832","23883","23935","0","0","0","0","0","0","0","0","0","0","0","0","0"
"104","","Loren","Kieffer","Loren Kieffer","81","211","21","4","13","1995","USDL","1","Westchester","22","Westchester","22","N/A","0","","0","False","2","0","Washington","San Jose","CA","75","2","6","46","F-","F+","C+","F-","F ","F-","F ","F ","F ","F+","F+","F ","C ","B-","B-","C ","F ","D ","B ","F ","F ","F ","D ","F ","F ","D ","D ","F ","F","F","31","45","0","0","0","0","7600","11100","0","0","0","0","0","0","0","0","0","0","0","0","0","0","0"
"105","","Ali","Nelson","Ali Nelson","78","231","29","10","9","1986","USDL","1","FA","-1","FA","-1","N/A","0","","0","False","2","9","Arizona","Hempstead","TX","12","57","20","54","F ","C-","B ","F-","F-","F ","F+","D+","D ","F ","D ","C ","F+","C ","C-","C-","F ","C ","B ","F ","F ","F ","F ","D ","D ","F ","D ","C ","F","F","33","36","0","0","0","0","0","0","0","0","0","0","0","0","0","0","0","0","0","0","0","0","0"
"106","","Stanford","Wynne","Stanford Wynne","83","220","30","11","28","1985","USDL","1","Grand Rapids","19","Grand Rapids","19","N/A","0","Sprained Ankle","0","False","1","9","Texas Tech","Cut Off","LA","52","8","45","2","F ","F+","C ","D ","D-","F ","C ","D+","D+","F-","F+","C ","F+","C-","C ","D-","F ","D ","C ","D ","D ","F ","C ","D ","D ","F ","F ","C ","F","F","47","54","0","2","0","0","175382","186839","0","0","0","0","0","0","0","0","0","0","0","0","0","0","4"
"107","","Forrest","Calvo","Forrest Calvo","80","227","26","6","24","1989","USDL","1","Erie","7","Erie","7","N/A","0","","0","False","2","7","Nebraska","Pierce","NE","38","2","87","16","F+","C ","B ","F-","F+","F-","F-","D ","D-","F-","F ","F ","D ","B-","C-","C-","F ","B ","B ","F ","F ","F ","F ","D ","D ","F ","F ","F ","F","F","35","44","0","0","0","0","29618","33320","0","0","0","0","0","0","0","0","0","0","0","0","0","0","1"
"108","","David","Martin","David Martin","83","238","34","12","7","1981","USDL","1","Delaware","18","Delaware","18","N/A","0","","0","False","2","14","Southern Utah","South Wenatchee","WA","39","44","86","38","F+","C ","C ","F-","D-","F ","F-","D+","C ","F-","F+","F+","F+","B-","D-","D-","F ","C ","C ","F ","D ","F ","F ","D ","B ","F ","F ","F ","F","F","40","51","0","0","0","0","72128","0","0","0","0","0","0","0","0","0","0","0","0","0","0","0","4"
"109","","Lester","Fagan","Lester Fagan","81","211","25","12","18","1990","USDL","1","Canton","6","Canton","6","N/A","0","","0","False","2","2","Virginia","Laurel Park","VA","3","2","22","81","D-","F ","D+","F-","D ","F-","F ","D ","D ","F+","F ","D ","D-","C ","C ","D+","D ","F ","D ","F ","D ","F ","F ","D ","D ","D ","F ","D ","F","F","35","45","0","0","0","0","12900","14512","0","0","0","0","0","0","0","0","0","0","0","0","0","0","2"
"110","","Joel","Lee","Joel Lee","82","234","24","3","17","1992","USDL","1","FA","-1","FA","-1","N/A","0","","0","False","2","4","Purdue","Hackensack","NJ","64","49","67","7","F+","D ","C+","F-","D-","F-","D+","F+","D ","F-","F-","F ","F+","C ","D ","C ","F ","D ","C ","F ","D ","F ","D ","D ","D ","F ","F ","F ","F","F","31","40","0","0","0","0","0","0","0","0","0","0","0","0","0","0","0","0","0","0","0","0","0"
"111","","Sabastian","Murga","Sabastian Murga","81","216","35","8","23","1980","USDL","1","Canton","6","Canton","6","N/A","0","","0","False","1","13","None","Lárisa","Greece","70","21","38","45","F+","C-","C+","F-","C ","F+","D ","C-","D+","F+","F ","C-","D+","C+","C-","C-","F ","D ","C ","F ","C ","F ","D ","C ","D ","F ","F ","D ","F","F","47","52","0","1","0","0","166467","187275","208084","0","0","0","0","0","0","0","0","0","0","0","0","0","1"
"112","","Virmantas","Daukszas","Virmantas Daukszas","82","212","30","12","23","1985","USDL","1","Maine","12","Maine","12","N/A","0","","0","False","1","10","None","Klaipeda","Lithuania","51","18","69","29","F ","B-","C-","F-","C-","D-","C ","C-","D-","D-","C ","F ","F+","C+","B-","C ","F ","B ","C ","F ","C ","D ","C ","D ","D ","F ","C ","F ","F","F","47","49","0","4","0","0","23800","0","0","0","0","0","0","0","0","0","0","0","0","0","0","0","0"
"121","","Sydney","Carter","Sydney Carter","83","247","22","5","31","1993","USDL","1","Bakersfield","5","Bakersfield","5","N/A","0","","0","True","1","0","Washington State","Missoula","MT","27","5","2","58","F ","F ","C ","F-","D-","D-","D ","F+","F+","F-","F+","F ","C ","B-","C ","C-","F ","F ","C ","F ","D ","D ","C ","D ","D ","F ","D ","F ","F","F","34","49","0","0","0","0","7600","11100","0","0","0","0","0","0","0","0","0","0","0","0","0","0","0"
"122","","Ed","Small","Ed Small","83","244","28","12","19","1987","USDL","1","Santa Cruz","15","Santa Cruz","15","N/A","0","","0","False","1","7","Middle Tennessee","Kirkwood","MO","62","2","46","92","D-","D ","D+","C-","C-","F+","D+","D+","D-","F-","F ","F+","F+","C ","C-","D-","D ","D ","D ","C ","D ","F ","D ","D ","D ","F ","F ","F ","F","F","44","47","0","0","0","0","88923","94232","99541","0","0","0","0","0","0","0","0","0","0","0","0","0","0"
"123","","Thomas","Stokes","Thomas Stokes","80","238","23","8","24","1992","USDL","1","Texas","17","Texas","17","N/A","0","","0","False","2","0","Oakland","Oak Creek","WI","16","15","64","50","F-","F+","B ","F-","F+","F-","F ","F+","D-","F-","F-","F-","F+","B-","C ","C-","F ","D ","B ","F ","D ","F ","F ","D ","C ","F ","F ","F ","F","F","27","41","0","0","0","0","7600","11100","0","0","0","0","0","0","0","0","0","0","0","0","0","0","0"
"124","","Arthur","Williams","Arthur Williams","80","244","27","4","29","1988","USDL","1","Los Angeles","11","Los Angeles","11","N/A","0","","0","False","2","6","Southern California","Glendale","CA","66","2","8","29","D+","F+","C ","D+","F ","F ","F+","C-","F ","D ","F ","F+","F+","B ","F+","C-","C ","D ","C ","D ","F ","F ","F ","C ","F ","D ","F ","F ","F","F","41","50","0","0","0","0","51520","56672","61824","0","0","0","0","0","0","0","0","0","0","0","0","0","4"
"125","","David","Burnett","David Burnett","79","232","29","5","11","1986","USDL","1","Texas","17","Texas","17","N/A","0","","0","False","2","7","Georgetown","Washington","DC","13","49","30","69","C-","C ","D+","F-","C-","F-","D+","F ","F+","F-","F ","C-","D-","C+","C ","D ","D ","C ","D ","F ","D ","F ","D ","F ","F ","F ","F ","D ","F","F","38","40","0","0","0","0","18500","0","0","0","0","0","0","0","0","0","0","0","0","0","0","0","0"
"126","","Chris","Lennon","Chris Lennon","81","230","35","12","23","1980","USDL","1","Toronto","21","Toronto","21","N/A","0","","0","False","2","12","Sam Houston State","Wichita Falls","TX","69","17","43","81","D-","F+","C ","F-","C-","F ","C+","D+","D ","F ","F ","F+","D+","C-","C+","C ","D ","F ","C ","F ","D ","F ","C ","C ","D ","F ","F ","F ","F","F","45","51","0","1","0","0","140458","147925","155391","0","0","0","0","0","0","0","0","0","0","0","0","0","2"
"127","","Vasaris","Mykalaitis","Vasaris Mykalaitis","80","236","33","2","13","1983","USDL","1","FA","-1","FA","-1","N/A","0","","0","False","2","13","None","Visaginas","Lithuania","42","49","86","97","F+","D+","C ","F-","F+","D-","C-","F+","F+","F+","C-","C ","F+","C ","D-","C ","F ","D ","C ","F ","F ","F ","C ","F ","F ","F ","C ","C ","F","F","35","40","0","0","0","0","0","0","0","0","0","0","0","0","0","0","0","0","0","0","0","0","0"
"128","","Ralph","Thomas","Ralph Thomas","80","223","31","4","16","1985","USDL","1","Reno","13","Reno","13","N/A","0","","0","False","2","8","Washington State","San Jose","CA","53","2","99","2","D ","D+","C ","F-","D-","F-","D ","D-","C-","F-","F+","F ","D+","C ","C+","C ","D ","D ","C ","F ","F ","F ","D ","F ","D ","F ","F ","F ","F","F","44","46","0","0","0","0","79890","87879","95868","0","0","0","0","0","0","0","0","0","0","0","0","0","0"
"113","","Gary","Stgermain","Gary Stgermain","83","237","26","5","12","1989","USDL","1","Santa Cruz","15","Santa Cruz","15","N/A","0","","0","False","2","4","Kentucky","Ballwin","MO","35","37","89","1","C-","D+","B ","C+","D+","D+","C+","C-","D+","D+","D-","C-","D ","C+","C-","D ","C ","C ","B ","B ","D ","D ","B ","C ","D ","D ","D ","D ","D","C","67","81","0","10","0","0","221992","249741","277490","0","0","0","0","0","0","0","0","0","0","0","0","0","5"
"114","","Urbano","Aguila","Urbano Aguila","81","233","36","6","16","1979","USDL","1","Fort Wayne","8","Fort Wayne","8","N/A","0","","0","False","2","18","None","Cordoba","Argentina","60","2","64","59","D-","F+","C-","F-","D+","F-","C ","F ","D ","F-","F+","C ","D-","B ","C+","C-","D ","F ","C ","F ","D ","F ","C ","F ","D ","F ","D ","C ","F","F","42","45","0","0","0","0","72128","74881","0","0","0","0","0","0","0","0","0","0","0","0","0","0","0"
"115","","Bo","Yi","Bo Yi","80","225","23","5","25","1992","USDL","1","Idaho","9","Idaho","9","N/A","0","Severe Migraines","0","False","2","1","Iona","Boston","MA","85","28","74","64","D+","F+","C ","D-","D+","F-","C ","F+","F ","F-","D ","D+","D-","C+","C+","C ","C ","D ","C ","D ","D ","F ","C ","D ","F ","F ","D ","D ","F","F","47","57","0","1","0","0","24079","27089","30099","0","0","0","0","0","0","0","0","0","0","0","0","0","1"
"116","","Deandre","O'Neal","Deandre O'Neal","80","224","23","10","11","1992","USDL","1","Rio Grand Valley","14","Rio Grand Valley","14","N/A","0","","0","True","2","0","Illinois-Chicago","Chicago","IL","45","65","51","78","F+","D+","B-","F-","F+","F ","F ","F ","F ","F-","F-","F-","C-","C+","B-","C-","D ","C ","B ","F ","F ","F ","F ","D ","D ","F ","F ","F ","F","F","31","43","0","0","0","0","7600","0","0","0","0","0","0","0","0","0","0","0","0","0","0","0","0"
"117","","Mark","Stutz","Mark Stutz","82","221","35","5","6","1980","USDL","1","Oklahoma City","20","Oklahoma City","20","N/A","0","","0","False","2","13","Siena","Waterbury","CT","35","23","55","46","F+","D-","C ","F+","F-","F-","D+","D-","C ","F ","D-","C-","C ","B ","A-","A-","F ","F ","C ","F ","F ","F ","D ","D ","C ","F ","D ","D ","F","D","58","64","0","1","0","0","270538","273267","0","0","0","0","0","0","0","0","0","0","0","0","0","0","5"
"118","","Daniel","Brown","Daniel Brown","82","229","19","5","14","1996","USDL","1","Iowa","10","Iowa","10","N/A","0","","0","True","2","0","Arizona","Payson","AZ","43","25","44","7","F-","D+","C+","D+","F ","F ","D-","F+","F+","F-","F+","F ","D-","C+","C ","D+","F ","C ","C ","C ","F ","F ","C ","D ","D ","F ","D ","F ","F","F","33","49","0","0","0","0","7600","11100","0","0","0","0","0","0","0","0","0","0","0","0","0","0","0"
"119","","Edward","Rinaldi","Edward Rinaldi","82","233","23","12","25","1992","USDL","1","Los Angeles","11","Los Angeles","11","N/A","0","","0","True","2","0","Valparaiso","Atkinson","IL","16","24","47","2","F ","F ","C ","F-","F+","F+","C-","F+","D-","F+","D-","D-","D ","C+","D+","C ","F ","F ","C ","F ","D ","F ","C ","F ","D ","D ","D ","D ","F","F","33","42","0","0","0","0","7600","11100","0","0","0","0","0","0","0","0","0","0","0","0","0","0","0"
"120","","Brian","Bakken","Brian Bakken","81","240","26","7","15","1989","USDL","1","FA","-1","FA","-1","N/A","0","","0","True","2","6","Pittsburgh","Hoboken","NJ","5","65","99","83","F-","F+","D+","F-","D ","F-","F ","F ","F+","F+","D ","D+","D+","C ","C-","C+","F ","F ","D ","F ","D ","F ","F ","F ","F ","F ","D ","D ","F","F","29","33","0","0","0","0","0","0","0","0","0","0","0","0","0","0","0","0","0","0","0","0","0"
"129","","Winfred","Edwards","Winfred Edwards","82","230","24","6","22","1991","USDL","1","Rio Grand Valley","14","Rio Grand Valley","14","N/A","0","","0","False","2","3","Air Force","Albuquerque","NM","58","2","79","70","D-","C-","D+","F-","C-","F+","D-","D+","D-","F-","D-","F+","D-","C ","C ","C ","F ","D ","D ","F ","D ","F ","D ","D ","D ","F ","D ","F ","F","F","42","44","0","0","0","0","20250","0","0","0","0","0","0","0","0","0","0","0","0","0","0","0","3"
"130","","Don","Thomas","Don Thomas","82","205","29","1","25","1987","USDL","1","FA","-1","FA","-1","N/A","0","","0","True","2","6","None","Tallahassee","FL","39","49","98","30","D+","D+","C+","F-","D ","F+","F ","D-","F+","F-","F+","F+","F+","C-","C-","D+","D ","D ","B ","F ","D ","F ","F ","D ","F ","F ","F ","F ","F","F","35","40","0","0","0","0","0","0","0","0","0","0","0","0","0","0","0","0","0","0","0","0","0"
"131","","Justin","Mancini","Justin Mancini","79","255","29","1","20","1987","USDL","1","Sioux Falls","16","Sioux Falls","16","N/A","0","Inflamed Appendix","0","False","2","5","Iona","El Paso","TX","100","2","99","85","C-","D+","C+","D-","D ","F-","F+","C-","F-","D ","F ","C ","D ","C+","D ","C+","D ","D ","B ","F ","D ","F ","F ","D ","F ","D ","F ","C ","F","F","48","50","0","1","0","0","118905","133768","148631","0","0","0","0","0","0","0","0","0","0","0","0","0","0"
"132","","Jerry","Lacroix","Jerry Lacroix","79","230","37","12","23","1978","USDL","1","Maine","12","Maine","12","N/A","0","","0","False","2","18","Texas","Garland","TX","46","65","43","99","F+","F+","C ","F ","D-","F ","C-","D+","D-","F+","F+","F+","D ","C ","D+","C ","F ","F ","C ","F ","D ","F ","D ","D ","F ","D ","F ","F ","F","F","36","39","0","0","0","0","23800","0","0","0","0","0","0","0","0","0","0","0","0","0","0","0","0"
"133","","Richard","Rourke","Richard Rourke","82","216","31","10","12","1984","USDL","1","Toronto","21","Toronto","21","N/A","0","","0","False","2","8","Texas","Harlingen","TX","83","2","21","11","F+","D ","C ","F-","D+","F ","D+","D-","D-","F-","C-","C ","D ","B ","D ","B-","F ","D ","C ","F ","D ","F ","D ","D ","F ","F ","D ","C ","F","F","44","46","0","0","0","0","73636","75240","76843","0","0","0","0","0","0","0","0","0","0","0","0","0","1"
"134","","Rico","Brown","Rico Brown","79","201","33","11","23","1982","USDL","1","FA","-1","FA","-1","N/A","0","","0","True","2","11","UNLV","Long Beach","CA","67","65","81","98","F ","C ","C ","F-","D-","F+","D ","F ","F ","F ","F-","D ","D-","C+","F+","C+","F ","C ","C ","F ","D ","F ","D ","F ","F ","F ","F ","D ","F","F","31","34","0","0","0","0","0","0","0","0","0","0","0","0","0","0","0","0","0","0","0","0","0"
"135","","James","Carter","James Carter","80","247","33","12","2","1982","USDL","1","Reno","13","Reno","13","N/A","0","","0","False","2","10","Kentucky","Houston","TX","72","34","51","87","C ","D-","C ","F-","F+","F-","C ","D-","D+","F-","F-","C ","C ","C ","B-","A-","C ","D ","C ","F ","F ","F ","C ","F ","D ","F ","F ","C ","D","D","62","69","0","18","6","4","307693","308880","0","0","0","0","0","0","0","0","0","0","0","0","0","0","0"
"136","","Bryant","Lewis","Bryant Lewis","82","229","30","11","6","1985","USDL","1","FA","-1","FA","-1","N/A","0","","0","False","2","8","Seton Hall","New York","NY","38","44","66","73","B+","D-","C ","D-","F+","F ","F+","C-","D+","F ","D-","C ","C ","B-","B+","C+","B ","D ","C ","D ","F ","F ","F ","C ","D ","F ","F ","C ","D","C","76","80","0","0","0","0","0","0","0","0","0","0","0","0","0","0","0","0","0","0","0","0","0"
"161","","Shawn","Morris","Shawn Morris","80","210","25","6","19","1990","USDL","1","FA","-1","FA","-1","N/A","0","","0","True","2","5","Connecticut","Scarsdale","NY","81","65","27","6","F+","D-","C ","F-","D ","F ","D ","F ","F ","F-","D-","F+","F+","B ","C-","C ","F ","D ","C ","F ","D ","F ","D ","F ","F ","F ","D ","F ","F","F","33","35","0","0","0","0","0","0","0","0","0","0","0","0","0","0","0","0","0","0","0","0","0"
"162","","Espiridion","Vales","Espiridion Vales","80","237","30","6","18","1985","USDL","1","FA","-1","FA","-1","N/A","0","","0","False","2","9","Montana","Butte-Silver Bow","MT","53","65","15","8","D ","D ","C+","F-","C ","F ","F ","D-","F ","F-","F ","F+","F ","C+","D ","D+","D ","D ","C ","F ","C ","F ","F ","F ","F ","F ","F ","F ","F","F","31","32","0","0","0","0","0","0","0","0","0","0","0","0","0","0","0","0","0","0","0","0","0"
"163","","Bo","Johnson","Bo Johnson","82","231","41","7","6","1974","USDL","1","Erie","7","Erie","7","N/A","0","","0","False","2","21","Brigham Young","Poway","CA","25","65","38","20","F-","D-","C ","F-","D ","F ","D ","F ","D ","F-","F-","D+","C ","C ","A-","A-","F ","D ","C ","F ","D ","F ","D ","F ","D ","F ","F ","D ","F","F","41","43","0","0","0","0","23800","0","0","0","0","0","0","0","0","0","0","0","0","0","0","0","0"
"164","","Thomas","Miller","Thomas Miller","81","221","25","1","30","1991","USDL","1","Idaho","9","Idaho","9","N/A","0","","0","False","2","2","Alabama","Paris","IL","67","65","70","83","F ","D+","B-","F-","F-","D-","F ","D+","F+","F ","F-","F ","F+","C+","C ","D ","F ","D ","B ","F ","F ","F ","F ","D ","F ","F ","F ","F ","F","F","32","34","0","0","0","0","12900","0","0","0","0","0","0","0","0","0","0","0","0","0","0","0","0"
"165","","Chase","Harris","Chase Harris","81","226","34","8","27","1981","USDL","1","Bakersfield","5","Bakersfield","5","N/A","0","","0","False","2","15","VMI","Laurel","VA","70","16","81","61","F-","C ","C+","F-","D-","F ","D-","F+","C ","F-","D-","F+","D ","B-","C ","D ","F ","C ","B ","F ","F ","F ","D ","D ","C ","F ","F ","F ","F","F","37","40","0","0","0","0","23800","0","0","0","0","0","0","0","0","0","0","0","0","0","0","0","0"
"166","","Mark","Robinson","Mark Robinson","81","233","22","8","8","1993","USDL","1","FA","-1","FA","-1","N/A","0","","0","True","2","2","Arizona State","Sunrise Manor","NV","1","65","9","12","F-","F ","C-","F-","D+","F-","F+","F+","F+","F-","F+","F-","F+","B ","D ","C+","F ","F ","C ","F ","C ","F ","F ","F ","D ","F ","F ","F ","F","F","28","35","0","0","0","0","0","0","0","0","0","0","0","0","0","0","0","0","0","0","0","0","0"
"167","","Harold","Kautz","Harold Kautz","81","232","31","1","1","1985","USDL","1","Santa Cruz","15","Santa Cruz","15","N/A","0","Patellar Tendanitis","8","True","3","9","None","Cave City","AR","90","24","0","94","F ","D ","C ","F-","C-","F-","C ","C-","D+","F-","C-","F-","C+","C ","A ","C ","F ","D ","B ","F ","D ","F ","D ","C ","D ","F ","D ","F ","F","F","50","58","0","3","0","0","198715","223554","248394","0","0","0","0","0","0","0","0","0","0","0","0","0","1"
"168","","Rodrick","O'Neil","Rodrick O'Neil","79","182","34","6","18","1981","USDL","1","Fort Wayne","8","Fort Wayne","8","N/A","0","","0","True","3","13","Pittsburgh","Blanding","UT","79","65","72","65","F ","C ","B-","C ","F ","F ","F-","F+","F-","F ","D+","F+","C-","C ","C+","D-","F ","C ","B ","C ","F ","F ","F ","F ","F ","F ","D ","F ","F","F","33","35","0","0","0","0","23800","0","0","0","0","0","0","0","0","0","0","0","0","0","0","0","0"
"177","","Aaron","Beasley","Aaron Beasley","79","193","25","11","27","1990","USDL","1","Delaware","18","Delaware","18","N/A","0","","0","False","3","6","South Carolina","Sunrise","FL","20","2","53","8","D ","D+","B+","F ","F-","F-","F-","D+","D-","F-","F ","D-","C-","C ","C-","D ","C ","C ","B ","F ","F ","F ","F ","D ","D ","F ","F ","D ","F","F","36","49","0","0","0","0","24682","0","0","0","0","0","0","0","0","0","0","0","0","0","0","0","4"
"178","","Mario","Russo","Mario Russo","79","183","43","11","20","1972","USDL","1","FA","-1","FA","-1","N/A","0","","0","True","3","20","Long Island","Syosset","NY","50","65","8","9","F-","C ","B+","D+","C ","F+","F+","D-","F-","F+","F+","F ","C-","C+","D+","C-","F ","C ","B ","D ","C ","F ","F ","D ","F ","F ","F ","F ","F","F","33","36","0","0","0","0","0","0","0","0","0","0","0","0","0","0","0","0","0","0","0","0","0"
"179","","Quintin","Taylor","Quintin Taylor","79","220","31","1","2","1985","USDL","1","Bakersfield","5","Bakersfield","5","N/A","0","","0","False","3","9","UTEP","Catalina","AZ","47","21","82","17","F ","C+","B+","D+","D+","F ","C ","F+","F-","C-","D ","F+","C ","B ","D ","F+","F ","C ","B ","D ","D ","F ","C ","F ","F ","C ","D ","F ","F","F","37","39","0","0","0","0","23000","0","0","0","0","0","0","0","0","0","0","0","0","0","0","0","0"
"180","","William","Parker","William Parker","80","244","30","7","11","1985","USDL","1","Grand Rapids","19","Grand Rapids","19","N/A","0","","0","False","2","11","Nevada","Stanford","CA","13","27","36","45","F+","C-","C+","D-","D ","D-","D+","D-","F ","C-","C ","D ","C+","B-","A-","C-","F ","D ","B ","D ","D ","F ","D ","F ","F ","D ","C ","D ","F","F","55","59","0","3","0","0","251960","255341","258722","262104","265485","268866","0","0","0","0","0","0","0","0","0","0","2"
"181","","William","Clyburn","William Clyburn","79","190","23","7","26","1992","USDL","1","Fort Wayne","8","Fort Wayne","8","N/A","0","Broken Wrist","0","False","3","0","Temple","St. Marys","PA","89","36","57","16","D-","D ","C+","F ","C-","F+","D ","F ","D-","F+","F-","D+","B-","C+","A-","A ","D ","D ","C ","F ","C ","F ","D ","F ","D ","F ","F ","D ","F","D","56","64","0","2","0","0","37100","40810","44520","48230","0","0","0","0","0","0","0","0","0","0","0","0","0"
"182","","Tony","Beck","Tony Beck","79","240","29","5","28","1986","USDL","1","Reno","13","Reno","13","N/A","0","","0","False","3","7","Oregon State","Mountlake Terrace","WA","98","2","4","60","F ","C-","B ","D+","D-","F-","F ","D-","C-","F ","F+","D-","C-","C ","D ","C-","F ","C ","B ","D ","F ","F ","F ","F ","C ","F ","F ","F ","F","F","38","41","0","0","0","0","18500","0","0","0","0","0","0","0","0","0","0","0","0","0","0","0","0"
"183","","Napoleon","McDaniel","Napoleon McDaniel","79","242","31","5","18","1984","USDL","1","Canton","6","Canton","6","N/A","0","Dislocated Shoulder","0","False","2","12","Providence","Cumberland Hill","RI","30","35","96","63","C ","C ","C-","D ","D ","F ","F ","D ","F ","F+","F ","D+","C ","C+","C+","C+","D ","C ","D ","D ","D ","F ","F ","D ","F ","F ","F ","D ","F","F","53","54","0","7","1","0","23800","0","0","0","0","0","0","0","0","0","0","0","0","0","0","0","0"
"184","","Mikulás","Materna","Mikulás Materna","80","197","26","12","8","1989","USDL","1","Bakersfield","5","Bakersfield","5","N/A","0","Broken Finger","0","False","3","2","None","Prague","Czech Republic","98","13","1","11","F ","C-","B ","D ","D ","F ","F ","C-","F ","F+","F ","F-","B-","C ","B ","C ","F ","C ","A ","D ","D ","F ","F ","C ","F ","D ","F ","F ","F","D","51","65","0","5","1","0","45084","50720","0","0","0","0","0","0","0","0","0","0","0","0","0","0","2"
"185","","Petr","Donat","Petr Donat","78","226","29","4","21","1987","USDL","1","Reno","13","Reno","13","N/A","0","Broken Finger","0","False","3","10","None","Havirov","Czech Republic","89","24","99","21","D-","C ","B ","C ","D+","F+","F-","F+","D-","C ","D-","F ","C ","B-","A-","D+","D ","C ","B ","C ","D ","F ","F ","F ","F ","C ","D ","F ","F","F","45","47","0","1","0","0","103743","0","0","0","0","0","0","0","0","0","0","0","0","0","0","0","0"
"186","","David","Alexander","David Alexander","80","243","23","6","13","1992","USDL","1","Rio Grand Valley","14","Rio Grand Valley","14","N/A","0","Stiff Neck","0","False","3","1","None","Westminster","CA","61","34","91","93","F ","D-","C+","C ","C-","D-","F-","F+","F-","F ","D-","F-","C+","B-","A-","D+","F ","D ","B ","C ","C ","D ","F ","D ","F ","F ","D ","F ","F","F","44","56","0","4","1","0","17785","18304","18822","0","0","0","0","0","0","0","0","0","0","0","0","0","1"
"187","","Xia","Yen","Xia Yen","80","234","26","5","31","1989","USDL","1","Maine","12","Maine","12","N/A","0","","0","False","1","4","None","Ürümqi","China","4","2","60","91","D ","F+","C-","F-","F ","F ","D+","F ","C-","F ","F-","F ","C-","C ","C ","C-","D ","F ","C ","F ","F ","F ","D ","F ","D ","F ","F ","F ","F","F","38","41","0","0","0","0","31833","34724","0","0","0","0","0","0","0","0","0","0","0","0","0","0","7"
"188","","Randal","Barton","Randal Barton","79","217","26","8","1","1989","USDL","1","Rio Grand Valley","14","Rio Grand Valley","14","N/A","0","","0","False","3","7","Siena","Towson","MD","77","2","99","46","F ","C-","B ","F+","D ","F-","F ","D ","F ","D-","C ","D-","C ","C ","A-","D ","F ","D ","B ","F ","D ","F ","F ","D ","F ","D ","B ","D ","F","F","38","45","0","0","0","0","43063","0","0","0","0","0","0","0","0","0","0","0","0","0","0","0","6"
"189","","Orville","Lamere","Orville Lamere","80","222","29","8","3","1986","USDL","1","Sioux Falls","16","Sioux Falls","16","N/A","0","","0","True","3","5","Kansas","Salina","KS","66","2","41","77","F-","F+","C-","F+","D ","F+","D-","D-","D+","F-","D-","F ","C ","C ","C+","C ","F ","F ","C ","F ","D ","F ","D ","D ","D ","F ","F ","F ","F","F","39","44","0","0","0","0","41676","46886","52095","0","0","0","0","0","0","0","0","0","0","0","0","0","0"
"190","","Harold","Mori","Harold Mori","79","213","30","12","26","1985","USDL","1","Santa Cruz","15","Santa Cruz","15","N/A","0","","0","False","3","9","Colorado","Aurora","CO","13","2","51","10","F ","F ","C ","F+","C-","F ","F ","D+","D+","F ","F-","D ","C ","D+","C-","C ","F ","F ","C ","F ","D ","F ","F ","D ","D ","F ","F ","D ","F","F","36","41","0","0","0","0","23000","0","0","0","0","0","0","0","0","0","0","0","0","0","0","0","0"
"191","","Len","Elwood","Len Elwood","79","203","30","6","10","1985","USDL","1","Texas","17","Texas","17","N/A","0","","0","False","3","11","Utah Valley","Davis","CA","49","26","23","39","D ","D-","C ","C ","F ","F ","F+","D ","F ","C ","C ","D-","C+","C ","C ","C ","D ","F ","C ","C ","F ","F ","F ","D ","F ","B ","C ","F ","F","D","54","60","0","1","0","0","241123","0","0","0","0","0","0","0","0","0","0","0","0","0","0","0","0"
"192","","Brian","Jones","Brian Jones","77","214","27","8","9","1988","USDL","1","FA","-1","FA","-1","N/A","0","","0","True","3","5","Butler","Detroit","MI","53","65","75","99","F+","C ","B ","F+","D+","F ","F ","F+","F-","D-","F-","D-","C-","C+","C-","D+","F ","C ","B ","F ","D ","F ","F ","F ","F ","D ","F ","D ","F","F","28","31","0","0","0","0","0","0","0","0","0","0","0","0","0","0","0","0","0","0","0","0","0"
"201","","Buddy","Reed","Buddy Reed","79","192","29","2","15","1987","USDL","1","Texas","17","Texas","17","N/A","0","","0","False","3","6","None","Buffalo","NY","75","65","39","37","F-","D+","C+","D-","C-","F-","F-","F-","D+","F+","F ","F+","C-","A-","C ","C-","F ","D ","C ","D ","D ","F ","F ","F ","D ","F ","F ","F ","F","F","35","37","0","0","0","0","17100","0","0","0","0","0","0","0","0","0","0","0","0","0","0","0","0"
"202","","Shaun","Dorsey","Shaun Dorsey","82","202","30","10","3","1985","USDL","1","FA","-1","FA","-1","N/A","0","","0","True","3","10","Boston College","Boston","MA","92","49","50","32","F-","C ","C ","F ","F ","F-","F+","F-","C-","D-","C-","F ","C ","C ","C ","C-","F ","C ","B ","F ","F ","F ","F ","F ","D ","D ","C ","F ","F","F","34","35","0","0","0","0","0","0","0","0","0","0","0","0","0","0","0","0","0","0","0","0","0"
"203","","Tod","Martinez","Tod Martinez","80","206","30","5","14","1985","USDL","1","Reno","13","Reno","13","N/A","0","","0","False","3","10","Old Dominion","Rochester","NY","38","22","30","69","D ","F ","C-","D-","F ","F ","F ","D-","F+","C+","F-","F+","B-","C+","C+","C ","D ","F ","D ","D ","F ","F ","F ","D ","F ","A ","F ","F ","F","D","51","61","0","5","0","0","225419","0","0","0","0","0","0","0","0","0","0","0","0","0","0","0","2"
"204","","Pegeen","Demopoulos","Pegeen Demopoulos","82","199","31","1","15","1985","USDL","1","Iowa","10","Iowa","10","N/A","0","Sprained Ankle","0","False","2","12","None","Ródos","Greece","68","23","45","18","F+","C-","B-","F-","F+","D ","C ","D ","C ","F+","F ","C ","C+","B ","B ","C ","F ","C ","B ","F ","F ","D ","C ","D ","B ","F ","F ","C ","D","D","61","70","0","1","0","0","303048","307339","0","0","0","0","0","0","0","0","0","0","0","0","0","0","0"
"205","","Lloyd","Oshiro","Lloyd Oshiro","78","193","31","3","21","1985","USDL","1","Grand Rapids","19","Grand Rapids","19","N/A","0","","0","True","3","10","Baylor","Austin","TX","3","21","77","45","F+","F ","C-","D+","C ","F ","D-","F+","F-","F+","C ","D ","C ","C ","C ","C ","F ","F ","D ","D ","C ","F ","D ","F ","F ","D ","C ","D ","F","F","33","36","0","0","0","0","23800","0","0","0","0","0","0","0","0","0","0","0","0","0","0","0","0"
"206","","Kenneth","Nichols","Kenneth Nichols","80","213","21","8","26","1994","USDL","1","Texas","17","Texas","17","N/A","0","","0","False","3","1","Florida State","Tallahassee","FL","45","2","94","20","F+","D-","C ","F-","F+","F-","F-","F ","F+","D ","F ","F ","C ","B-","C ","C ","D ","D ","C ","F ","D ","F ","F ","F ","D ","D ","D ","F ","F","F","34","48","0","0","0","0","11100","12900","0","0","0","0","0","0","0","0","0","0","0","0","0","0","1"
"207","","Valentín","Chiamulera","Valentín Chiamulera","83","183","28","10","23","1987","USDL","1","Grand Rapids","19","Grand Rapids","19","N/A","0","Broken Foot","0","False","2","8","IUPUI","Battle Ground","IN","65","11","55","54","D+","F ","C-","F-","D-","D-","D+","F+","F ","C-","D ","F ","C+","B+","A ","D+","D ","F ","D ","F ","F ","D ","D ","F ","F ","D ","D ","F ","F","F","45","47","0","2","0","0","99586","101829","104073","106316","0","0","0","0","0","0","0","0","0","0","0","0","6"
"208","","Frank","Jacobsen","Frank Jacobsen","79","204","30","10","24","1985","USDL","1","Westchester","22","Westchester","22","N/A","0","Patellar Tendanitis","0","False","2","8","North Carolina","Menasha","WI","94","38","75","93","F ","C ","B ","F+","D+","D-","F-","F ","F+","F-","D-","F ","C ","B+","A ","C-","F ","C ","B ","F ","D ","F ","F ","F ","F ","F ","D ","F ","F","F","44","47","0","4","0","0","79890","83840","87790","0","0","0","0","0","0","0","0","0","0","0","0","0","2"
"225","","Michael","Smith","Michael Smith","80","225","19","5","19","1996","USDL","1","Oklahoma City","20","Oklahoma City","20","N/A","0","Dislocated Shoulder","0","False","3","0","Missouri State","Kansas City","MO","35","38","49","32","D-","D ","B ","F ","F+","F ","D+","C-","F+","D ","D-","F ","B ","C-","B-","C ","D ","C ","B ","F ","D ","F ","C ","C ","F ","D ","D ","F ","F","D","48","63","0","1","0","0","26506","29819","33132","36446","0","0","0","0","0","0","0","0","0","0","0","0","0"
"226","","Michael","Collins","Michael Collins","79","228","28","5","15","1987","USDL","1","Los Angeles","11","Los Angeles","11","N/A","0","Sprained Ankle","0","False","2","10","Kentucky","Cedar City","UT","90","21","66","32","F+","C-","C+","F-","C ","F+","F+","C-","C+","D-","D-","C ","C+","C+","A-","B-","F ","D ","C ","F ","C ","F ","F ","C ","C ","D ","D ","C ","D","D","61","64","0","1","0","0","289115","303554","0","0","0","0","0","0","0","0","0","0","0","0","0","0","2"
"227","","Pranas","Kriksciunas","Pranas Kriksciunas","79","240","24","9","12","1991","USDL","1","Idaho","9","Idaho","9","N/A","0","","0","False","3","4","None","Marijampole","Lithuania","14","2","68","33","F ","D ","C ","F+","C ","F-","D-","D+","F+","D+","F-","F-","C ","C ","B+","D ","F ","D ","B ","F ","C ","F ","D ","D ","F ","C ","F ","F ","F","F","37","45","0","0","0","0","31833","0","0","0","0","0","0","0","0","0","0","0","0","0","0","0","0"
"228","","Stephen","Wilson","Stephen Wilson","79","242","25","3","21","1991","USDL","1","Idaho","9","Idaho","9","N/A","0","","0","False","2","6","Portland State","Salem","OR","74","14","69","89","F ","F+","C-","F-","C-","F ","F+","C ","D-","F+","F ","D+","C+","B-","A ","C ","F ","F ","D ","F ","D ","F ","D ","C ","D ","D ","F ","C ","F","F","47","54","0","1","0","0","132528","0","0","0","0","0","0","0","0","0","0","0","0","0","0","0","0"
"229","","Otis","Dennis","Otis Dennis","79","227","28","8","10","1987","USDL","1","FA","-1","FA","-1","N/A","0","","0","True","3","9","Arizona","Scottsdale","AZ","39","65","41","88","D ","F ","C-","F-","C ","F ","F-","F-","F ","D-","D-","F-","C ","C+","C+","C ","D ","F ","D ","F ","C ","F ","F ","F ","F ","F ","D ","F ","F","F","30","33","0","0","0","0","0","0","0","0","0","0","0","0","0","0","0","0","0","0","0","0","0"
"230","","Edmond","Ochs","Edmond Ochs","78","174","30","11","15","1985","USDL","1","Erie","7","Erie","7","N/A","0","","0","False","3","8","Marquette","Toledo","OH","36","14","18","25","F-","C+","C+","F+","F ","F+","F-","D+","D-","C-","C+","F-","A-","C ","B+","C-","F ","C ","C ","F ","F ","F ","F ","D ","D ","D ","B ","F ","F","D","59","62","0","1","0","0","245159","269675","0","0","0","0","0","0","0","0","0","0","0","0","0","0","5"
"231","","Tacito","Gonzales","Tacito Gonzales","80","184","30","3","4","1986","USDL","1","Grand Rapids","19","Grand Rapids","19","N/A","0","","0","False","3","7","Cal State Northridge","Fayetteville","NC","57","39","34","100","F-","A-","B ","F+","D-","F ","F-","F-","F+","C ","D-","C-","B ","B ","B+","C-","F ","A ","B ","F ","D ","F ","F ","F ","F ","C ","D ","D ","D","D","69","73","0","9","0","0","269045","0","0","0","0","0","0","0","0","0","0","0","0","0","0","0","1"
"232","","Antanas","Kishkis","Antanas Kishkis","77","208","23","4","7","1993","USDL","1","Reno","13","Reno","13","N/A","0","Pulled Hamstring","0","True","4","0","None","Kaunas","Lithuania","46","16","70","87","F-","D+","C ","D ","D+","F ","F-","F-","F-","F ","F ","F ","C+","D ","A-","C ","F ","C ","C ","D ","C ","F ","F ","F ","F ","F ","F ","F ","F","F","36","53","0","0","0","0","7600","11100","0","0","0","0","0","0","0","0","0","0","0","0","0","0","0"
"233","","Coleman","Jones","Coleman Jones","73","172","34","2","2","1982","USDL","1","FA","-1","FA","-1","N/A","0","","0","True","4","14","New Mexico","Long Beach","CA","47","49","94","34","F+","F+","C-","F+","C-","D-","F ","F ","F-","C-","D ","F-","C+","B-","A-","D+","F ","F ","C ","F ","C ","D ","F ","F ","F ","C ","D ","F ","F","F","31","36","0","0","0","0","0","0","0","0","0","0","0","0","0","0","0","0","0","0","0","0","0"
"234","","James","Digiacomo","James Digiacomo","77","203","25","11","26","1990","USDL","1","Sioux Falls","16","Sioux Falls","16","N/A","0","","0","False","4","4","Memphis","Holland","IN","21","37","97","84","D-","D-","C ","F-","C ","F+","F-","F ","F-","D-","D+","F-","B-","C+","B-","D-","D ","D ","C ","F ","C ","F ","F ","F ","F ","D ","D ","F ","F","F","32","37","0","0","0","0","14100","0","0","0","0","0","0","0","0","0","0","0","0","0","0","0","0"
"235","","Jaime","Warren","Jaime Warren","77","212","32","8","3","1983","USDL","1","Erie","7","Erie","7","N/A","0","Concussion","0","False","4","9","Auburn","Byram","MS","83","21","40","32","F-","F ","C-","F+","F ","F-","F-","D-","F ","D ","F+","D-","B-","C ","A ","C-","F ","F ","C ","F ","F ","F ","F ","D ","F ","D ","D ","D ","F","F","35","39","0","0","0","0","23000","0","0","0","0","0","0","0","0","0","0","0","0","0","0","0","0"
"236","","Jamar","Moore","Jamar Moore","77","212","27","6","26","1988","USDL","1","FA","-1","FA","-1","N/A","0","","0","False","4","9","Albany","New York","NY","1","91","45","20","D-","D-","C ","F+","C-","F ","F-","F+","F ","C+","D+","D+","A-","C-","C+","C-","F ","D ","C ","F ","D ","F ","F ","F ","F ","B ","C ","D ","F","D","50","61","0","0","0","0","0","0","0","0","0","0","0","0","0","0","0","0","0","0","0","0","0"
"237","","Fiorenzo","Perotti","Fiorenzo Perotti","77","175","23","4","30","1992","USDL","1","Fort Wayne","8","Fort Wayne","8","N/A","0","Broken Finger","0","False","4","1","None","Marino","Italy","39","34","1","19","F+","C ","B+","F-","F ","D-","F ","F-","F-","F-","F ","F+","A-","B ","A+","B ","D ","B ","A ","F ","F ","F ","F ","F ","F ","F ","F ","D ","F","D","49","62","0","2","0","0","36860","40049","43238","0","0","0","0","0","0","0","0","0","0","0","0","0","1"
"238","","Joshua","Jones","Joshua Jones","80","201","23","8","9","1992","USDL","1","Bakersfield","5","Bakersfield","5","N/A","0","Jammed Finger","0","False","3","3","Furman","Atlanta","GA","94","2","97","17","F-","D+","B-","D ","D-","F-","F-","F+","F ","C-","F ","F-","B-","C ","C-","C ","F ","C ","B ","D ","D ","F ","F ","D ","F ","C ","F ","F ","F","F","42","59","0","0","0","0","17002","0","0","0","0","0","0","0","0","0","0","0","0","0","0","0","3"
"239","","Severino","Nadol","Severino Nadol","73","198","27","4","14","1989","USDL","1","Santa Cruz","15","Santa Cruz","15","N/A","0","","0","False","5","6","Illinois","North Arlington","NJ","37","28","30","69","F ","F+","C ","D-","C-","F+","F-","F+","F ","F+","D-","F ","C+","C+","A-","C ","F ","F ","C ","D ","C ","F ","F ","F ","F ","D ","D ","F ","F","F","33","39","0","0","0","0","17100","0","0","0","0","0","0","0","0","0","0","0","0","0","0","0","0"
"240","","John","Nevels","John Nevels","78","213","27","3","15","1989","USDL","1","Oklahoma City","20","Oklahoma City","20","N/A","0","","0","True","4","8","Creighton","Omaha","NE","5","21","76","7","F ","D ","C ","C-","C ","F ","F+","D-","F ","F ","F ","F ","C+","C ","C ","D+","F ","D ","C ","D ","C ","F ","F ","F ","F ","F ","F ","F ","F","F","38","40","0","0","0","0","20000","0","0","0","0","0","0","0","0","0","0","0","0","0","0","0","0"
"137","","Deandre","Garcia","Deandre Garcia","80","237","32","1","20","1984","USDL","1","Delaware","18","Delaware","18","N/A","0","","0","False","2","10","Oregon","Seattle","WA","69","25","99","3","D-","D+","C+","F-","F+","F ","C-","F-","D-","F+","D ","C+","C-","C-","A-","C ","D ","D ","C ","F ","F ","F ","D ","F ","D ","D ","D ","C ","F","F","45","48","0","0","0","0","23800","0","0","0","0","0","0","0","0","0","0","0","0","0","0","0","0"
"138","","Johnie","Lopez","Johnie Lopez","81","232","27","12","4","1988","USDL","1","Oklahoma City","20","Oklahoma City","20","N/A","0","","0","False","1","6","UC Santa Barbara","San Luis Obispo","CA","37","2","37","69","F+","D-","C+","F-","D+","F+","C-","C-","C ","F-","F-","D ","F+","C ","C ","D ","F ","D ","C ","F ","D ","F ","C ","C ","C ","F ","F ","D ","F","F","43","49","0","0","0","0","66575","74897","0","0","0","0","0","0","0","0","0","0","0","0","0","0","3"
"139","","Dion","Otero","Dion Otero","79","214","30","3","14","1986","USDL","1","Sioux Falls","16","Sioux Falls","16","N/A","0","","0","False","2","10","Kansas","Allen","OK","76","2","85","28","F-","D-","C ","F-","D+","D+","D ","F ","C ","F-","F+","F ","C-","B+","C-","C+","F ","D ","C ","F ","D ","D ","D ","F ","C ","F ","F ","F ","F","F","41","43","0","0","0","0","85909","96648","107386","0","0","0","0","0","0","0","0","0","0","0","0","0","3"
"140","","Burl","Brawner","Burl Brawner","81","232","30","12","16","1985","USDL","1","Bakersfield","5","Bakersfield","5","N/A","0","Sprained Knee","0","False","2","11","Creighton","Carthage","MO","88","18","76","73","D ","C-","C+","F-","C ","C-","D ","C ","F ","F-","D ","F ","D+","C+","C-","B-","D ","D ","B ","F ","C ","D ","D ","C ","F ","F ","D ","F ","F","F","48","50","0","4","0","0","23800","0","0","0","0","0","0","0","0","0","0","0","0","0","0","0","0"
"141","","Gordon","Serrano","Gordon Serrano","79","228","27","7","9","1988","USDL","1","Delaware","18","Delaware","18","N/A","0","","0","False","2","5","Old Dominion","Montclair","NJ","39","2","47","30","F ","F+","C ","F-","D-","F-","C ","C-","C+","F-","F ","F+","F+","C ","B-","D+","F ","F ","C ","F ","F ","F ","C ","D ","C ","F ","F ","F ","F","F","43","44","0","0","0","0","61364","63865","66366","0","0","0","0","0","0","0","0","0","0","0","0","0","1"
"142","","Arden","Griffith","Arden Griffith","81","217","25","2","19","1991","USDL","1","Fort Wayne","8","Fort Wayne","8","N/A","0","","0","False","2","5","Iowa","Shawano","WI","47","21","43","56","C ","D+","C-","F-","D-","F-","D-","D ","C ","F ","D+","D+","D-","B ","C+","D+","B ","D ","D ","F ","D ","F ","D ","C ","C ","F ","C ","C ","F","D","53","75","0","6","0","0","128878","139188","0","0","0","0","0","0","0","2","0","0","0","0","0","0","0"
"143","","Bert","Brown","Bert Brown","80","223","23","5","15","1992","USDL","1","Maine","12","Maine","12","N/A","0","","0","True","2","3","Siena","East Meadow","NY","93","2","95","76","F-","F-","C ","F-","D-","F-","F ","F ","F+","F ","D-","D-","C-","B-","B ","C ","F ","F ","C ","F ","C ","F ","D ","F ","D ","F ","D ","D ","F","F","32","46","0","0","0","0","13500","0","0","0","0","0","0","0","0","0","0","0","0","0","0","0","0"
"144","","Matt","Moore","Matt Moore","81","232","25","11","19","1990","USDL","1","Iowa","10","Iowa","10","N/A","0","","0","False","2","4","Alabama A&M","Sandersville","MS","33","3","97","96","F+","F-","C-","F-","D+","F-","C ","F+","C ","F+","C ","D-","D-","C ","D+","C ","F ","F ","D ","F ","D ","F ","C ","F ","C ","F ","C ","F ","F","F","43","44","0","0","0","0","14100","0","0","0","0","0","0","0","0","0","0","0","0","0","0","0","0"
"145","","Ira","Sanchez","Ira Sanchez","78","239","31","9","2","1984","USDL","1","Reno","13","Reno","13","N/A","0","","0","False","2","9","Texas Tech","Oceanside","CA","41","37","18","92","F+","D-","C ","F-","D ","F-","F ","C ","C-","F-","D+","D-","F ","B+","F+","C+","F ","D ","C ","F ","D ","F ","F ","C ","D ","F ","D ","F ","F","F","41","43","0","0","0","0","23000","0","0","0","0","0","0","0","0","0","0","0","0","0","0","0","0"
"146","","Enoch","Miller","Enoch Miller","79","202","27","11","28","1988","USDL","1","FA","-1","FA","-1","N/A","0","","0","True","2","4","California","Fountain Valley","CA","34","65","11","1","F-","D ","C-","F-","F-","F ","F ","D-","F ","F-","F+","D+","D ","C ","C-","C ","F ","D ","D ","F ","F ","F ","F ","D ","F ","F ","F ","D ","F","F","27","32","0","0","0","0","0","0","0","0","0","0","0","0","0","0","0","0","0","0","0","0","0"
"147","","Jack","Hall","Jack Hall","82","229","31","6","5","1984","USDL","1","Erie","7","Erie","7","N/A","0","","0","False","2","11","Bowling Green","Chicago","IL","2","6","2","38","C-","D+","C ","F-","D+","F+","D+","D-","F ","F-","F ","F+","D+","C+","C ","A-","C ","D ","C ","F ","D ","F ","D ","D ","F ","F ","F ","F ","F","F","47","54","0","1","0","0","185540","208732","0","0","0","0","0","0","0","0","0","0","0","0","0","0","4"
"148","","Damian","Anderson","Damian Anderson","82","235","26","12","2","1989","USDL","1","Santa Cruz","15","Santa Cruz","15","N/A","0","","0","False","2","6","West Virginia","Chicago","IL","72","93","37","36","F ","F+","C-","F-","C-","D ","F ","C ","F ","F-","F-","F ","F+","C+","C ","D-","F ","F ","C ","F ","C ","D ","F ","C ","F ","F ","F ","F ","F","F","32","38","0","0","0","0","17100","0","0","0","0","0","0","0","0","0","0","0","0","0","0","0","0"
"149","","Joe","Harris","Joe Harris","80","232","31","9","9","1984","USDL","1","FA","-1","FA","-1","N/A","0","","0","False","2","12","Vermont","Pebble Creek","FL","27","65","95","57","D-","C-","C ","D-","D+","F-","F+","F ","F ","D-","D-","F+","F+","C+","F+","C-","D ","D ","D ","F ","D ","F ","F ","F ","F ","D ","D ","F ","F","F","32","34","0","0","0","0","0","0","0","0","0","0","0","0","0","0","0","0","0","0","0","0","0"
"150","","Frank","Brown","Frank Brown","80","239","37","12","11","1978","USDL","1","Sioux Falls","16","Sioux Falls","16","N/A","0","","0","False","2","16","Illinois-Chicago","Weymouth","MA","54","65","93","65","F-","B-","C-","F-","F+","F-","D ","D ","F+","F+","F ","D-","F+","B ","C+","B-","F ","B ","C ","F ","F ","F ","D ","D ","F ","F ","F ","D ","F","F","41","44","0","0","0","0","23800","0","0","0","0","0","0","0","0","0","0","0","0","0","0","0","0"
"151","","Ronald","Reyes","Ronald Reyes","83","203","30","5","19","1985","USDL","1","Los Angeles","11","Los Angeles","11","N/A","0","","0","False","2","8","Syracuse","Cambridge","MA","77","21","12","41","C-","D-","C ","D ","C ","F+","D+","F ","D+","F+","F ","F+","F+","C+","C ","D+","D ","D ","C ","D ","C ","F ","D ","F ","D ","F ","F ","F ","F","F","46","47","0","0","0","0","20000","0","0","0","0","0","0","0","0","0","0","0","0","0","0","0","0"
"152","","Larry","Poole","Larry Poole","80","210","22","8","24","1993","USDL","1","Westchester","22","Westchester","22","N/A","0","Plantar Fasciitis","36","True","2","2","Belmont","Charlestown","IN","45","10","30","85","D-","F ","C-","F-","D-","D+","D+","C ","D-","F-","D ","C-","C-","A-","C ","C ","D ","F ","D ","F ","F ","D ","D ","C ","D ","F ","D ","C ","F","F","48","56","0","1","0","0","33293","37455","0","0","0","0","0","0","0","0","0","0","0","0","0","0","2"
"153","","Don","Rivas","Don Rivas","82","240","26","3","6","1990","USDL","1","Reno","13","Reno","13","N/A","0","","0","False","1","3","Gonzaga","Bremerton","WA","90","2","55","27","F-","F+","C ","F-","D ","F ","F+","D-","C ","F ","F+","F+","C-","C ","B+","C ","F ","F ","C ","F ","D ","F ","D ","F ","C ","F ","F ","F ","F","F","41","46","0","0","0","0","13500","0","0","0","0","0","0","0","0","0","0","0","0","0","0","0","0"
"154","","Chris","Walker","Chris Walker","82","230","34","12","25","1981","USDL","1","Fort Wayne","8","Fort Wayne","8","N/A","0","Migraine","0","False","2","11","Duke","St. Petersburg","FL","7","25","75","61","D-","D+","C+","F-","D+","F ","D-","D ","C-","F-","F-","C+","F+","B-","D ","C ","D ","C ","B ","F ","D ","F ","D ","D ","D ","F ","F ","C ","F","F","49","53","0","1","0","0","204613","225074","0","0","0","0","0","0","0","0","0","0","0","0","0","0","1"
"155","","Eliseo","Adega","Eliseo Adega","82","220","21","5","4","1994","USDL","1","Idaho","9","Idaho","9","N/A","0","","0","False","2","0","Auburn","New Orleans","LA","46","24","33","45","F-","D-","C-","F-","F-","F-","D-","F ","F+","F ","F-","F ","D+","C ","B+","C+","F ","C ","C ","F ","F ","F ","C ","F ","D ","F ","F ","D ","F","F","32","46","0","0","0","0","7600","11100","0","0","0","0","0","0","0","0","0","0","0","0","0","0","0"
"156","","Matthew","Davis","Matthew Davis","83","231","33","4","8","1983","USDL","1","Rio Grand Valley","14","Rio Grand Valley","14","N/A","0","","0","False","2","12","Arkansas-Little Rock","Abilene","TX","80","8","62","52","D+","D-","C+","F-","F ","F+","C+","D+","F ","F ","D+","C-","D-","C+","C-","C-","D ","D ","C ","F ","F ","F ","C ","D ","F ","F ","D ","D ","F","F","48","52","0","4","0","0","204613","0","0","0","0","0","0","0","0","0","0","0","0","0","0","0","3"
"157","","Gregory","Rodriguez","Gregory Rodriguez","81","240","32","2","8","1984","USDL","1","Maine","12","Maine","12","N/A","0","","0","False","2","11","Saint Louis","Lafayette","LA","82","18","95","53","F ","C-","C-","F-","C ","F-","C ","C+","C ","D ","D+","C-","D ","B+","C ","C-","F ","D ","D ","F ","C ","F ","C ","B ","D ","D ","D ","C ","F","D","59","63","0","3","0","0","270538","271184","0","0","0","0","0","0","0","0","0","0","0","0","0","0","1"
"158","","Marcel","Davis","Marcel Davis","80","218","24","6","28","1991","USDL","1","FA","-1","FA","-1","N/A","0","","0","True","2","2","Long Beach State","Glendale","CA","83","65","79","78","F+","F+","C ","F-","D ","F ","D-","F ","F-","F-","F ","F ","D-","B-","C ","C ","D ","D ","C ","F ","D ","F ","D ","F ","F ","F ","F ","F ","F","F","30","38","0","0","0","0","0","0","0","0","0","0","0","0","0","0","0","0","0","0","0","0","0"
"159","","Arthur","Garmon","Arthur Garmon","80","247","28","8","24","1987","USDL","1","Rio Grand Valley","14","Rio Grand Valley","14","N/A","0","","0","False","2","7","UTEP","New London","CT","97","2","38","16","F-","D ","C+","F-","F ","F+","C-","C+","F+","F-","D ","F+","F+","C+","C+","D+","F ","D ","B ","F ","F ","F ","C ","C ","F ","F ","D ","F ","F","F","41","43","0","0","0","0","18500","0","0","0","0","0","0","0","0","0","0","0","0","0","0","0","0"
"160","","Jose","Mitchell","Jose Mitchell","83","218","30","5","10","1985","USDL","1","Texas","17","Texas","17","N/A","0","Sprained Knee","0","False","2","9","Ohio State","New York","NY","14","27","65","80","F+","B-","C-","F-","D+","F-","D-","D ","F+","F ","D-","C-","C ","C ","A-","C-","F ","B ","C ","F ","D ","F ","D ","D ","F ","F ","F ","D ","F","F","47","49","0","5","0","0","159034","160547","162060","163574","0","0","0","0","0","0","0","0","0","0","0","0","2"
"169","","Detlef","Ruedholzer","Detlef Ruedholzer","81","237","30","2","6","1986","USDL","1","Texas","17","Texas","17","N/A","0","Broken Finger","0","False","2","10","None","Feucht","Germany","39","11","35","53","C-","D-","C ","D-","D ","D-","F+","F+","D-","F-","F+","F-","C ","C ","A-","C ","D ","D ","C ","F ","D ","D ","F ","F ","F ","F ","D ","F ","F","F","47","51","0","2","0","0","23800","0","0","0","0","0","0","0","0","0","0","0","0","0","0","0","0"
"170","","Ricky","Rodriguez","Ricky Rodriguez","79","226","26","3","30","1990","USDL","1","Santa Cruz","15","Santa Cruz","15","N/A","0","","0","False","2","5","Gonzaga","Graham","WA","9","2","89","47","D-","F ","C-","F+","C-","F ","F ","F-","C ","F ","D-","F ","C-","C+","C-","B-","D ","F ","D ","F ","D ","F ","F ","F ","C ","F ","D ","F ","F","F","42","45","0","0","0","0","66575","68110","69645","0","0","0","0","0","0","0","0","0","0","0","0","0","4"
"171","","Brian","Ryder","Brian Ryder","80","217","31","6","8","1984","USDL","1","Bakersfield","5","Bakersfield","5","N/A","0","","0","False","2","10","None","Yorkshire","VA","81","38","82","49","D ","C ","B-","F-","C-","F ","D-","F+","F ","D ","D-","F ","C+","C ","A ","C ","D ","C ","B ","F ","D ","F ","F ","F ","F ","D ","F ","F ","F","F","49","50","0","3","0","0","23800","0","0","0","0","0","0","0","0","0","0","0","0","0","0","0","0"
"172","","Robert","Anderson","Robert Anderson","77","226","23","12","9","1992","USDL","1","Erie","7","Erie","7","N/A","0","","0","True","3","0","Rutgers","New York","NY","13","31","82","63","F ","F ","C ","F ","D+","F-","D ","F ","D ","D ","D-","F ","C ","C+","C+","C-","F ","F ","C ","F ","C ","F ","D ","F ","D ","C ","C ","F ","F","F","28","38","0","0","0","0","7600","0","0","0","0","0","0","0","0","0","0","0","0","0","0","0","0"
"173","","Prince","Suh","Prince Suh","81","239","27","11","16","1988","USDL","1","FA","-1","FA","-1","N/A","0","","0","True","3","7","Boise State","Preston","ID","46","65","78","93","F-","C ","B ","F-","B-","D-","F ","F+","F ","C-","F+","F+","C-","C ","D+","C+","F ","C ","B ","F ","B ","D ","F ","F ","F ","D ","F ","F ","F","F","33","35","0","0","0","0","0","0","0","0","0","0","0","0","0","0","0","0","0","0","0","0","0"
"174","","Steven","Perea","Steven Perea","80","224","23","10","17","1992","USDL","1","Fort Wayne","8","Fort Wayne","8","N/A","0","","0","True","3","0","Pittsburgh","Philadelphia","PA","39","2","9","81","F ","D-","C+","F ","F ","F-","F-","D+","F ","F+","F-","F ","C ","C+","C-","C ","D ","D ","C ","D ","F ","F ","F ","C ","F ","D ","F ","F ","F","F","34","48","0","0","0","0","7600","11100","0","0","0","0","0","0","0","0","0","0","0","0","0","0","0"
"175","","Kevin","Walker","Kevin Walker","82","202","28","6","24","1987","USDL","1","Oklahoma City","20","Oklahoma City","20","N/A","0","","0","False","3","10","California","Los Angeles","CA","25","54","67","87","D+","C-","C ","D-","F ","C-","F+","F ","F-","F-","F+","D-","C+","C+","A ","D ","D ","D ","B ","D ","F ","D ","F ","F ","F ","F ","F ","D ","F","F","45","49","0","5","0","0","140458","141361","0","0","0","0","0","0","0","0","0","0","0","0","0","0","4"
"176","","Baldomero","Montalvo","Baldomero Montalvo","81","238","26","3","29","1990","USDL","1","Grand Rapids","19","Grand Rapids","19","N/A","0","","0","False","3","5","St. John's","Plattsburgh","NY","7","2","59","79","F+","D-","C ","D+","D ","F ","F-","F ","D ","D ","F+","F-","C ","C ","C+","D+","F ","D ","C ","D ","D ","F ","F ","F ","D ","C ","F ","F ","F","F","34","42","0","0","0","0","15500","0","0","0","0","0","0","0","0","0","0","0","0","0","0","0","0"
"193","","Lester","Walker","Lester Walker","78","205","27","9","7","1988","USDL","1","FA","-1","FA","-1","N/A","0","","0","True","3","5","Missouri State","Albany","MO","55","49","11","68","F ","F+","C ","D-","F-","D-","F+","F ","D ","F ","D ","D-","C ","B ","C+","D+","F ","F ","C ","D ","F ","D ","F ","F ","D ","F ","D ","D ","F","F","33","39","0","0","0","0","0","0","0","0","0","0","0","0","0","0","0","0","0","0","0","0","0"
"194","","Clarence","Campbell","Clarence Campbell","80","183","29","8","26","1986","USDL","1","Idaho","9","Idaho","9","N/A","0","","0","False","3","10","Niagara","Grand Rapids","MI","48","2","58","36","F ","F+","C ","F+","D-","F ","F+","F-","D ","D-","F ","C ","C ","B ","C ","D+","F ","D ","C ","F ","D ","F ","F ","F ","D ","D ","F ","C ","F","F","37","39","0","0","0","0","23800","0","0","0","0","0","0","0","0","0","0","0","0","0","0","0","0"
"195","","Charles","Taylor","Charles Taylor","79","211","33","12","2","1982","USDL","1","Toronto","21","Toronto","21","N/A","0","","0","False","3","11","Miami","Miami","FL","99","45","32","56","D ","F ","C ","F-","C-","D-","F-","D ","F ","D ","F+","F-","B-","C ","C+","C-","D ","F ","D ","F ","C ","D ","F ","D ","F ","D ","F ","F ","F","F","38","44","0","1","0","0","50240","55264","0","0","0","0","0","0","0","0","0","0","0","0","0","0","4"
"196","","Wes","McGowan","Wes McGowan","81","238","33","2","26","1983","USDL","1","Canton","6","Canton","6","N/A","0","Stiff Neck","0","False","2","11","Maryland","North Bethesda","MD","88","28","50","20","C+","D-","C+","D ","C-","F ","D-","D-","C+","D+","F-","D-","C+","C+","C ","C ","B ","D ","C ","D ","C ","F ","F ","F ","C ","D ","F ","D ","D","D","67","75","0","12","2","0","309241","340165","371089","0","0","0","0","0","0","0","0","0","0","0","0","0","1"
"197","","Douglas","Brewer","Douglas Brewer","79","199","23","1","4","1993","USDL","1","Toronto","21","Toronto","21","N/A","0","","0","False","3","0","West Virginia","Carney","MD","19","2","84","38","D-","D ","B-","F-","D-","F-","F-","F+","F ","D ","F ","F ","C+","C ","B+","C ","D ","C ","B ","F ","D ","F ","F ","D ","F ","D ","F ","F ","F","F","36","55","0","0","0","0","7600","11100","0","0","0","0","0","0","0","0","0","0","0","0","0","0","0"
"198","","Linwood","Phillips","Linwood Phillips","79","208","36","12","28","1979","USDL","1","FA","-1","FA","-1","N/A","0","","0","True","3","13","Temple","Somersworth","NH","95","65","70","51","F-","D ","C+","F ","D-","F-","F+","D-","F ","C ","F ","F+","C-","C+","D ","D+","F ","D ","C ","F ","D ","F ","F ","F ","F ","C ","F ","F ","F","F","27","31","0","0","0","0","0","0","0","0","0","0","0","0","0","0","0","0","0","0","0","0","0"
"199","","Jack","Williams","Jack Williams","77","207","40","3","10","1976","USDL","1","Maine","12","Maine","12","N/A","0","Broken Foot","0","False","2","16","Texas Tech","Glendale","AZ","32","6","95","97","F ","F+","C ","D+","C-","F+","D ","D-","D ","D-","C ","F+","C+","C+","A ","C+","F ","F ","C ","D ","C ","F ","D ","D ","D ","D ","C ","F ","F","F","46","48","0","2","1","0","140458","148939","0","0","0","0","0","0","0","0","0","0","0","0","0","0","6"
"200","","Damian","Mosley","Damian Mosley","82","202","20","3","12","1996","USDL","1","Canton","6","Canton","6","N/A","0","","0","True","3","0","Holy Cross","Janesville","WI","29","69","9","72","F ","D ","C+","F ","D-","D ","F ","D+","F ","D+","F+","F+","C-","C+","C-","F+","F ","D ","B ","F ","D ","D ","F ","D ","F ","D ","D ","F ","F","F","33","39","0","0","0","0","7600","0","0","0","0","0","0","0","0","0","0","0","0","0","0","0","0"
"209","","Howard","Aman","Howard Aman","78","230","37","11","12","1978","USDL","1","FA","-1","FA","-1","N/A","0","","0","True","3","15","Seton Hall","Boston","MA","95","65","28","47","D-","F ","C-","F-","D+","F-","F ","D-","D-","F ","F+","F ","C ","C ","C ","D+","D ","F ","D ","F ","D ","F ","F ","F ","F ","F ","F ","F ","F","F","31","34","0","0","0","0","0","0","0","0","0","0","0","0","0","0","0","0","0","0","0","0","0"
"210","","Conrad","Jones","Conrad Jones","80","228","21","5","18","1994","USDL","1","Delaware","18","Delaware","18","N/A","0","","0","False","5","0","Northern Iowa","Chesterfield","MO","84","2","77","71","F ","D-","C ","F+","F+","F+","F ","F ","F ","F ","F+","F-","C+","C ","B ","D+","F ","D ","C ","D ","D ","D ","F ","F ","F ","F ","D ","F ","F","F","31","41","0","1","0","0","7600","11100","0","0","0","0","0","0","0","0","0","0","0","0","0","0","0"
"211","","David","Edwards","David Edwards","78","243","31","10","13","1984","USDL","1","Canton","6","Canton","6","N/A","0","","0","False","3","8","Denver","Colorado Springs","CO","57","37","50","45","F ","D-","D-","F+","C ","F ","F+","F+","D+","F ","D ","D-","C ","C+","C-","B-","F ","F ","D ","F ","C ","F ","F ","F ","D ","F ","D ","D ","F","F","36","38","0","0","0","0","20000","0","0","0","0","0","0","0","0","0","0","0","0","0","0","0","0"
"212","","Troy","Mackenzie","Troy Mackenzie","80","235","35","11","27","1980","USDL","1","FA","-1","FA","-1","N/A","0","","0","True","3","13","None","Dock Junction","GA","30","65","7","60","D ","D-","C+","F ","F ","F-","F-","F-","F+","F ","D+","F ","C-","C-","C+","D-","D ","D ","C ","F ","F ","F ","F ","F ","F ","F ","D ","F ","F","F","30","34","0","0","0","0","0","0","0","0","0","0","0","0","0","0","0","0","0","0","0","0","0"
"213","","Bogomil","Rajsp","Bogomil Rajsp","80","207","31","11","18","1984","USDL","1","FA","-1","FA","-1","N/A","0","","0","False","3","9","None","Menges","Slovenia","91","80","44","9","C ","C ","B+","C ","C ","C-","F ","F+","D-","C-","D-","D+","C-","B+","B-","C ","C ","C ","B ","C ","C ","D ","F ","F ","D ","C ","D ","D ","D","D","61","69","0","0","0","0","0","0","0","0","0","0","0","0","0","0","0","0","0","0","0","0","0"
"214","","Victor","Chase","Victor Chase","80","231","24","7","14","1991","USDL","1","Canton","6","Canton","6","N/A","0","","0","False","4","5","Cal State Northridge","Rancho Santa Margarita","CA","53","16","18","86","D-","D-","C ","D-","C ","D ","F+","F-","D-","F+","C-","C-","C+","B-","C ","C ","F ","D ","C ","F ","C ","D ","F ","F ","D ","F ","D ","D ","F","F","44","48","0","1","0","0","74102","81512","0","0","0","0","0","0","0","0","0","0","0","0","0","0","2"
"215","","Jonathon","Roberts","Jonathon Roberts","79","207","29","1","4","1987","USDL","1","Erie","7","Erie","7","N/A","0","Broken Foot","0","False","2","6","Stanford","Modesto","CA","24","38","96","16","F-","C-","C ","F+","C-","F-","D+","C+","F-","D-","D-","F-","B-","C ","B ","C ","F ","C ","C ","F ","D ","F ","D ","B ","F ","D ","F ","F ","F","F","51","57","0","2","0","0","161014","0","0","0","0","0","0","0","0","0","0","0","0","0","0","0","3"
"216","","William","Edmonson","William Edmonson","78","213","25","5","23","1990","USDL","1","Erie","7","Erie","7","N/A","0","","0","False","3","4","Hawaii","Kaneohe","HI","38","2","1","95","D ","B ","C ","F-","C+","F+","F-","D ","C ","F+","D-","F ","C ","C-","C+","C-","D ","A ","B ","F ","C ","F ","F ","D ","D ","D ","F ","F ","F","F","44","46","0","1","0","0","61364","67500","73637","0","0","0","0","0","0","0","0","0","0","0","0","0","1"
"217","","Abram","Traynor","Abram Traynor","79","184","24","3","17","1992","USDL","1","Iowa","10","Iowa","10","N/A","0","","0","False","3","1","Baylor","Meriden","KS","3","2","87","65","F+","F+","C ","D-","F+","F+","F+","F ","F+","F ","F ","F ","C+","B ","A-","C ","D ","F ","C ","D ","D ","F ","D ","F ","D ","F ","F ","F ","F","F","38","50","0","0","0","0","11100","12900","0","0","0","0","0","0","0","0","0","0","0","0","0","0","1"
"218","","Jospeh","Castro","Jospeh Castro","81","243","38","8","16","1977","USDL","1","Westchester","22","Westchester","22","N/A","0","","0","False","3","16","Texas Tech","Austin","TX","44","13","13","94","D-","C ","B+","F ","F ","F ","F ","C-","F ","C ","D ","C-","C+","C ","A ","F+","F ","C ","A ","F ","F ","F ","F ","D ","F ","C ","D ","D ","F","F","54","57","0","6","0","0","241123","261498","0","0","0","0","0","0","0","0","0","0","0","0","0","0","2"
"219","","Jeffery","Juarez","Jeffery Juarez","78","199","29","1","13","1987","USDL","1","FA","-1","FA","-1","N/A","0","","0","True","3","10","La Salle","New York","NY","72","65","2","23","F ","D-","C-","F-","C+","F-","F ","F+","F ","F ","D ","D-","C ","C+","C ","D+","F ","F ","C ","F ","C ","F ","F ","F ","F ","F ","D ","F ","F","F","27","28","0","0","0","0","0","0","0","0","0","0","0","0","0","0","0","0","0","0","0","0","0"
"220","","Josue","Moon","Josue Moon","78","180","22","9","11","1993","USDL","1","Westchester","22","Westchester","22","N/A","0","","0","True","3","3","Oklahoma State","Owasso","OK","6","12","13","58","D+","F+","C ","F-","D+","F-","F+","F ","F ","F ","F ","F+","C-","C ","C ","C-","D ","D ","B ","F ","C ","F ","F ","F ","F ","F ","F ","D ","F","F","30","39","0","0","0","0","13500","0","0","0","0","0","0","0","0","0","0","0","0","0","0","0","0"
"221","","Cornell","Pleasant","Cornell Pleasant","81","201","27","9","8","1988","USDL","1","Los Angeles","11","Los Angeles","11","N/A","0","","0","True","3","6","Stanford","Stockton","CA","33","2","24","12","D ","D ","C ","F-","D-","F ","F+","D-","F ","F+","D ","F-","C+","C-","C ","C-","D ","D ","C ","F ","F ","F ","F ","D ","F ","F ","D ","F ","F","F","35","46","0","1","0","0","24682","24809","0","0","0","0","0","0","0","0","0","0","0","0","0","0","3"
"222","","Dennis","Curley","Dennis Curley","79","211","28","2","18","1988","USDL","1","Sioux Falls","16","Sioux Falls","16","N/A","0","Patellar Tendanitis","0","False","2","4","Minnesota","New York","NY","13","25","2","4","D ","A-","A-","F-","D+","F ","F-","D-","D ","F+","F+","C-","C-","C ","D+","C-","D ","A ","A ","F ","C ","F ","F ","D ","D ","F ","D ","D ","F","F","43","52","0","0","0","0","66575","74897","83219","0","0","0","0","0","0","0","0","0","0","0","0","0","5"
"223","","Markus","Carter","Markus Carter","77","243","27","3","31","1989","USDL","1","Iowa","10","Iowa","10","N/A","0","","0","False","2","5","Holy Cross","West Haven","CT","50","2","25","24","F+","C-","B ","F-","C-","F-","C ","C ","D-","F+","F ","F ","C-","C+","C-","C-","F ","C ","B ","F ","C ","F ","C ","B ","D ","F ","F ","F ","F","F","39","49","0","0","0","0","15500","0","0","0","0","0","0","0","0","0","0","0","0","0","0","0","0"
"224","","William","Scarborough","William Scarborough","83","199","21","5","13","1994","USDL","1","Bakersfield","5","Bakersfield","5","N/A","0","Broken Arm","0","False","1","0","Cornell","Lowville","NY","97","48","16","14","F+","F ","C-","D ","F-","F-","F+","F ","D-","F+","F+","F ","C ","B-","B+","C-","F ","F ","D ","D ","F ","F ","F ","F ","D ","F ","D ","F ","F","F","39","49","0","0","0","0","8914","11100","0","0","0","0","0","0","0","0","0","0","0","0","0","0","0"
"241","","Jamie","McCullum","Jamie McCullum","77","179","32","2","23","1984","USDL","1","Los Angeles","11","Los Angeles","11","N/A","0","","0","False","3","11","Gonzaga","Union Hill-Novelty Hill","WA","2","25","94","88","F-","C-","C+","D+","D-","F+","F+","D ","F ","C-","F+","F-","B-","C+","B ","C ","F ","D ","B ","D ","D ","F ","F ","D ","F ","D ","F ","F ","F","F","49","52","0","0","0","0","23800","0","0","0","0","0","0","0","0","0","0","0","0","0","0","0","0"
"242","","Zackary","Lemons","Zackary Lemons","77","229","19","8","20","1996","USDL","1","Delaware","18","Delaware","18","N/A","0","","0","False","4","0","Pittsburgh","New York","NY","5","37","44","63","D-","F+","C ","F ","F+","F ","F-","F ","F ","F ","F ","F-","C+","C ","C ","C-","D ","D ","C ","F ","F ","F ","F ","F ","F ","F ","D ","F ","F","F","26","39","0","0","0","0","7600","0","0","0","0","0","0","0","0","0","0","0","0","0","0","0","0"
"243","","Andrew","Merritt","Andrew Merritt","76","206","26","1","3","1990","USDL","1","Canton","6","Canton","6","N/A","0","Broken Ankle","0","False","4","4","None","Ettrick","VA","50","38","79","39","D-","C ","A-","F+","D ","F-","F-","F ","F-","F+","C ","F-","B+","C ","A-","D+","D ","C ","B ","F ","D ","F ","F ","F ","F ","F ","C ","F ","F","F","44","48","0","2","0","0","82988","86246","0","0","0","0","0","0","0","0","0","0","0","0","0","0","6"
"244","","Lewis","Miller","Lewis Miller","74","183","25","6","3","1990","USDL","1","Toronto","21","Toronto","21","N/A","0","","0","False","4","4","Oklahoma","Owasso","OK","4","5","64","50","F ","C+","B ","C-","F-","F ","F ","D ","F ","F+","D ","F+","C+","B-","C-","C-","F ","C ","B ","D ","F ","F ","F ","D ","F ","F ","D ","F ","F","F","37","38","0","0","0","0","14100","0","0","0","0","0","0","0","0","0","0","0","0","0","0","0","0"
"245","","Raymond","Lilley","Raymond Lilley","80","204","25","1","10","1991","USDL","1","Iowa","10","Iowa","10","N/A","0","Bruised Jaw","0","False","3","4","Tulsa","Tulsa","OK","1","33","2","26","D-","D ","C+","D+","C ","F+","F-","F+","D ","D+","F ","F-","B+","C ","A-","D+","D ","C ","B ","C ","B ","D ","F ","D ","D ","C ","F ","F ","F","C","57","85","0","4","0","0","197665","206342","0","0","0","0","0","0","0","0","0","0","0","0","0","0","2"
"246","","Chris","McKenzie","Chris McKenzie","77","215","21","3","20","1995","USDL","1","Westchester","22","Westchester","22","N/A","0","","0","False","3","0","None","Montgomery Village","MD","84","8","57","20","F-","C-","C+","D+","D ","F ","F-","F-","D-","F-","D-","F+","B ","C ","C ","C ","F ","C ","B ","C ","C ","F ","F ","F ","D ","F ","D ","D ","F","F","39","51","0","0","0","0","7600","11100","0","0","0","0","0","0","0","0","0","0","0","0","0","0","0"
"247","","Regimantas","Nauiokas","Regimantas Nauiokas","77","199","35","7","2","1980","USDL","1","Bakersfield","5","Bakersfield","5","N/A","0","Broken Jaw","0","False","4","15","None","Klaipeda","Lithuania","47","31","83","26","C-","D ","C+","D-","C+","C-","F-","F ","D-","C-","D-","F-","A ","B-","A ","C ","C ","D ","B ","D ","C ","D ","F ","F ","D ","D ","D ","F ","D","D","62","71","0","4","1","0","350000","378000","406000","0","0","0","0","0","0","0","2","0","0","0","0","0","0"
"248","","Carl","Martin","Carl Martin","77","227","31","1","19","1985","USDL","1","Iowa","10","Iowa","10","N/A","0","Severe Migraines","0","False","4","7","Coastal Carolina","North Miami Beach","FL","6","22","23","92","F+","D ","C ","F+","C ","F-","D ","F ","F ","C-","C-","D-","A ","B+","A ","C-","F ","D ","C ","F ","C ","F ","D ","F ","F ","C ","D ","F ","F","F","52","59","0","2","0","0","184299","202729","221159","239589","0","0","0","0","0","0","0","0","0","0","0","0","0"
"249","","Gregory","Riojas","Gregory Riojas","79","203","27","12","15","1988","USDL","1","Idaho","9","Idaho","9","N/A","0","","0","False","3","7","None","Sydney","Australia","80","24","4","93","C ","C+","C ","F ","C-","F+","F-","F+","F+","D-","F+","F-","B ","C-","B-","D+","C ","C ","C ","F ","D ","F ","F ","F ","F ","F ","F ","F ","D","D","61","63","0","4","0","0","245159","266257","287356","308454","0","0","0","0","0","0","0","0","0","0","0","0","1"
"250","","Douglas","Rohde","Douglas Rohde","77","180","23","4","15","1993","USDL","1","Bakersfield","5","Bakersfield","5","N/A","0","","0","False","4","0","Texas","Mesquite","TX","26","2","42","41","F-","F+","C ","F+","D+","F+","F-","F-","F-","D-","D ","F-","A-","D+","A-","B-","F ","D ","C ","D ","C ","D ","F ","F ","F ","D ","C ","F ","F","F","38","56","0","0","0","0","8335","11100","0","0","0","0","0","0","0","0","0","0","0","0","0","0","0"
"251","","Herbert","Davis","Herbert Davis","80","186","19","12","21","1996","USDL","1","Delaware","18","Delaware","18","N/A","0","","0","False","3","0","None","Philadelphia","PA","6","31","88","95","D+","F+","C+","F ","F+","F-","F-","F-","F-","F+","F-","F-","B-","C-","C-","C ","B ","D ","B ","D ","D ","F ","F ","F ","F ","D ","F ","F ","F","D","34","62","0","2","0","0","7600","11100","0","0","0","0","0","0","0","0","0","0","0","0","0","0","0"
"252","","Mitch","Rodriguez","Mitch Rodriguez","78","204","27","3","19","1989","USDL","1","Rio Grand Valley","14","Rio Grand Valley","14","N/A","0","Broken Finger","0","False","3","5","Bradley","Edina","MN","31","43","59","15","D-","C-","C+","D-","D ","F+","F-","F-","F-","F-","C ","F ","B-","C ","C ","D+","D ","C ","B ","D ","D ","D ","F ","F ","F ","F ","C ","F ","F","F","43","55","0","3","0","0","61364","63247","65130","0","0","0","0","0","0","0","0","0","0","0","0","0","5"
"253","","Patrick","Johnson","Patrick Johnson","78","181","24","8","5","1991","USDL","1","Maine","12","Maine","12","N/A","0","","0","False","4","2","Vanderbilt","Huber Heights","OH","73","2","52","73","F-","C ","A-","F ","F+","F ","F-","F-","F ","F+","D ","F-","C+","C-","B ","D-","F ","C ","A ","F ","F ","F ","F ","F ","F ","D ","D ","F ","F","F","34","44","0","0","0","0","12900","0","0","0","0","0","0","0","0","0","0","0","0","0","0","0","0"
"254","","Harold","Benson","Harold Benson","77","182","23","7","8","1992","USDL","1","Grand Rapids","19","Grand Rapids","19","N/A","0","","0","True","4","2","Maryland","Lorain","OH","38","65","73","29","F ","F+","C+","F ","F ","F-","F ","F ","F-","F-","F+","F-","C+","C+","C ","C-","D ","D ","C ","F ","D ","F ","F ","F ","F ","F ","D ","F ","F","F","24","36","0","0","0","0","12900","0","0","0","0","0","0","0","0","0","0","0","0","0","0","0","0"
"255","","Gerald","Miller","Gerald Miller","77","202","24","7","11","1991","USDL","1","FA","-1","FA","-1","N/A","0","","0","True","4","2","Pittsburgh","Bridgeport","CT","90","65","4","45","D-","D ","C-","F ","C-","F+","F-","D-","F ","F ","F ","F+","C+","C ","C+","D+","D ","D ","D ","F ","C ","F ","F ","D ","F ","F ","F ","F ","F","F","31","34","0","0","0","0","0","0","0","0","0","0","0","0","0","0","0","0","0","0","0","0","0"
"256","","Anastas","Sotomayor","Anastas Sotomayor","77","215","24","3","30","1992","USDL","1","Maine","12","Maine","12","N/A","0","Sprained Ankle","0","False","3","3","Stanford","San Francisco","CA","75","41","56","34","F+","C-","C ","D ","F-","F ","F ","F-","D ","D-","D ","F-","B ","B ","A-","D ","D ","B ","C ","C ","F ","F ","F ","F ","D ","D ","C ","F ","F","D","48","72","0","1","0","0","39239","0","0","0","0","0","0","0","0","0","0","0","0","0","0","0","3"
"257","","Buster","Daniel","Buster Daniel","77","206","27","5","17","1988","USDL","1","Los Angeles","11","Los Angeles","11","N/A","0","","0","False","4","4","Massachusetts","Taylor","MI","8","39","86","88","D+","C ","C+","F ","D+","F-","F-","F+","F-","C-","F ","F-","A ","C ","A ","A-","D ","C ","C ","F ","D ","F ","F ","F ","F ","D ","F ","F ","D","D","65","68","0","8","2","0","219781","247254","274726","302199","329672","0","0","0","0","0","0","0","0","0","0","0","0"
"258","","Jerry","Stein","Jerry Stein","80","218","33","3","20","1983","USDL","1","Sioux Falls","16","Sioux Falls","16","N/A","0","","0","False","3","10","San Francisco","Modesto","CA","98","21","54","67","D-","C ","C+","F+","C-","F+","F ","F ","F-","F ","C-","F-","C+","C+","C-","D-","F ","C ","C ","F ","C ","F ","F ","F ","F ","F ","C ","F ","F","F","41","44","0","1","0","0","23800","0","0","0","0","0","0","0","0","0","0","0","0","0","0","0","0"
"259","","Orlando","Monge","Orlando Monge","77","191","31","3","30","1985","USDL","1","FA","-1","FA","-1","N/A","0","","0","False","4","10","Maryland","Wheaton-Glenmont","MD","66","3","92","58","F ","A-","A-","D+","D+","F ","D+","D-","D ","D-","C-","F-","B-","B-","B+","C-","F ","A ","A ","D ","D ","F ","D ","D ","D ","F ","D ","F ","D","D","60","67","0","0","0","0","0","0","0","0","0","0","0","0","0","0","0","0","0","0","0","0","0"
"260","","Aron","Behling","Aron Behling","78","191","24","10","25","1991","USDL","1","Los Angeles","11","Los Angeles","11","N/A","0","","0","False","3","3","Texas-San Antonio","Eldorado","TX","59","43","78","8","F ","F+","C ","D+","D-","D-","F+","F-","F ","D-","F ","F-","A-","B+","B-","C+","F ","F ","C ","D ","D ","D ","F ","F ","F ","D ","F ","F ","F","F","49","54","0","3","1","0","39239","0","0","0","0","0","0","0","0","0","0","0","0","0","0","0","3"
"261","","Nick","Young","Nick Young","76","204","31","11","4","1984","USDL","1","FA","-1","FA","-1","N/A","0","","0","False","4","10","Marist","Trenton","NJ","17","59","32","23","F ","F+","C-","F ","D ","F+","D ","F+","D-","F+","F-","F-","C+","C ","C-","D ","F ","F ","C ","F ","D ","F ","D ","F ","F ","F ","F ","F ","F","F","23","25","0","0","0","0","0","0","0","0","0","0","0","0","0","0","0","0","0","0","0","0","0"
"262","","Russ","Callahan","Russ Callahan","77","229","28","7","15","1987","USDL","1","Sioux Falls","16","Sioux Falls","16","N/A","0","Broken Foot","0","False","4","8","Oregon","Corvallis","OR","2","32","87","47","F ","C+","B ","B-","D+","F-","F-","F+","F-","C-","F ","F-","A ","B+","B-","C ","F ","B ","B ","B ","D ","F ","F ","F ","F ","C ","F ","F ","D","C","76","89","0","10","1","0","300000","311085","322169","0","0","0","0","0","0","0","0","0","0","0","0","0","2"
"263","","Gary","Goodrich","Gary Goodrich","78","200","22","4","15","1994","USDL","1","Oklahoma City","20","Oklahoma City","20","N/A","0","","0","False","4","0","New Mexico State","Santa Fe","NM","44","2","94","3","F+","D-","B+","F-","D-","F-","F ","D-","F ","D+","F ","F-","C+","B-","A-","C ","D ","D ","B ","F ","D ","F ","F ","D ","F ","A ","F ","F ","F","D","38","60","0","0","0","0","8335","11100","0","0","0","0","0","0","0","0","0","0","0","0","0","0","0"
"264","","Alonso","Townsend","Alonso Townsend","73","191","33","10","23","1982","USDL","1","FA","-1","FA","-1","N/A","0","","0","True","4","10","Maryland","Broken Arrow","OK","96","65","55","40","F-","D+","C ","F-","C ","F ","F-","F+","F ","D ","F-","F-","C+","C+","A-","D+","F ","D ","B ","F ","C ","F ","F ","F ","F ","D ","F ","F ","F","F","28","28","0","0","0","0","0","0","0","0","0","0","0","0","0","0","0","0","0","0","0","0","0"
"265","","Kirk","Rodriguez","Kirk Rodriguez","77","192","22","7","16","1993","USDL","1","Maine","12","Maine","12","N/A","0","","0","False","4","1","Texas","Arlington","TX","59","34","89","91","F-","B-","B ","F ","D+","F+","F-","F-","F-","D-","D-","F-","B-","C-","B+","D-","F ","A ","B ","F ","C ","F ","F ","F ","F ","D ","D ","F ","F","F","42","58","0","1","0","0","14727","16568","18409","0","0","0","0","0","0","0","0","0","0","0","0","0","1"
"266","","Charles","Baker","Charles Baker","75","189","28","8","7","1987","USDL","1","Bakersfield","5","Bakersfield","5","N/A","0","","0","False","4","8","Houston","Dallas","TX","30","47","36","86","F ","C ","C ","D-","D+","F ","F-","F-","F+","F+","D+","F+","A ","D+","A-","A-","F ","D ","C ","D ","D ","F ","F ","F ","F ","F ","D ","F ","F","F","49","51","0","2","0","0","175382","0","0","0","0","0","0","0","0","0","0","0","0","0","0","0","4"
"267","","Ralph","Davis","Ralph Davis","74","223","30","1","26","1986","USDL","1","Iowa","10","Iowa","10","N/A","0","","0","True","4","11","Kent State","Ephrata","PA","28","65","2","63","C-","D ","C+","F-","D-","F-","F ","C ","F ","F+","D ","D+","C+","C+","C-","C-","D ","D ","C ","F ","F ","F ","F ","C ","F ","F ","D ","D ","F","F","32","35","0","1","0","0","23800","0","0","0","0","0","0","0","0","0","0","0","0","0","0","0","0"
"268","","Ulysses","Moore","Ulysses Moore","79","222","30","8","11","1985","USDL","1","Maine","12","Maine","12","N/A","0","Torn Ligament","34","True","3","9","Eastern Washington","Kent","WA","93","32","77","95","F-","F+","C ","D+","C-","F ","F+","F-","F-","D ","B-","F ","A ","D ","A ","C+","F ","F ","C ","D ","C ","F ","F ","F ","F ","D ","B ","F ","F","F","53","55","0","3","0","0","206677","227345","248012","268680","289348","310016","0","0","0","0","0","0","0","0","0","0","7"
"269","","Derek","Canada","Derek Canada","78","216","23","12","6","1992","USDL","1","Reno","13","Reno","13","N/A","0","","0","False","4","0","Duke","Auburn Hills","MI","38","54","75","2","C-","D ","C ","F-","F ","F ","F ","F-","F-","D+","D ","F-","A-","D+","A-","B-","C ","C ","C ","F ","F ","F ","F ","F ","F ","C ","D ","F ","F","D","51","67","0","3","0","0","32203","34815","37427","40039","0","0","0","0","0","0","0","0","0","0","0","0","0"
"270","","William","Campbell","William Campbell","77","181","29","12","8","1986","USDL","1","FA","-1","FA","-1","N/A","0","","0","False","4","9","None","New York","NY","43","58","37","73","D-","F+","C ","C-","F+","F+","D ","F-","F ","C+","D-","F-","A-","D ","B+","A-","F ","F ","C ","D ","F ","F ","D ","F ","F ","C ","F ","F ","D","D","61","65","0","0","0","0","0","0","0","0","0","0","0","0","0","0","0","0","0","0","0","0","0"
"271","","John","Collins","John Collins","74","221","19","7","28","1996","USDL","1","Santa Cruz","15","Santa Cruz","15","N/A","0","","0","False","4","0","Syracuse","Allentown","PA","19","64","82","7","C-","D-","C ","F+","F ","F+","F-","F-","F ","D+","D ","F ","A-","C ","A ","C+","C ","D ","C ","F ","F ","D ","F ","F ","F ","D ","D ","F ","F","F","45","53","0","4","0","0","16598","18673","20748","22822","0","0","0","0","0","0","0","0","0","0","0","0","0"
"272","","Marvin","Williams","Marvin Williams","76","226","30","7","1","1985","USDL","1","Rio Grand Valley","14","Rio Grand Valley","14","N/A","0","Groin Pull","0","False","4","11","New Orleans","Chalmette","LA","56","33","58","22","C ","F+","C ","D+","F-","D-","F ","C ","F ","F+","F-","D+","A ","C ","A+","B+","C ","F ","C ","D ","F ","F ","F ","C ","F ","F ","F ","D ","D","D","62","69","0","7","2","0","295308","0","0","0","0","0","0","0","0","0","0","0","0","0","0","0","4"
"273","","Malcolm","Tyson","Malcolm Tyson","76","189","25","6","3","1990","USDL","1","Fort Wayne","8","Fort Wayne","8","N/A","0","","0","False","4","6","Texas","Irving","TX","33","41","48","90","F-","C-","C ","F-","D-","F ","F-","F ","F ","C-","F ","F ","C+","B+","B+","D-","F ","D ","C ","F ","F ","F ","F ","F ","F ","C ","F ","F ","F","F","33","36","0","0","0","0","17100","0","0","0","0","0","0","0","0","0","0","0","0","0","0","0","0"
"274","","Omar","Chase","Omar Chase","77","210","20","12","9","1995","USDL","1","FA","-1","FA","-1","N/A","0","","0","True","4","0","Missouri State","Kansas City","MO","5","65","20","78","F-","D ","C-","F-","D ","F+","F ","F-","F-","F+","D-","F ","C+","B+","C-","C-","F ","D ","C ","F ","C ","F ","F ","F ","F ","D ","D ","F ","F","F","26","33","0","0","0","0","0","0","0","0","0","0","0","0","0","0","0","0","0","0","0","0","0"
"275","","Truman","Beasley","Truman Beasley","79","227","25","10","21","1990","USDL","1","Canton","6","Canton","6","N/A","0","Bulging Disc","0","False","3","3","Brigham Young","Porterville","CA","25","13","46","48","F+","B ","A-","C ","C+","F+","F-","F+","F-","F ","F ","F ","C+","C ","C+","D+","F ","B ","A ","C ","C ","F ","F ","F ","F ","F ","F ","F ","F","D","58","61","0","4","0","0","65229","0","0","0","0","0","0","0","0","0","0","0","0","0","0","0","3"
"276","","Tad","Lamontagne","Tad Lamontagne","76","205","22","1","27","1994","USDL","1","Los Angeles","11","Los Angeles","11","N/A","0","","0","False","4","0","Hawaii","Honolulu","HI","2","28","64","7","F ","F+","C ","F+","C-","F+","F ","D-","F-","C-","F-","F-","C+","B+","C-","C ","F ","F ","C ","F ","C ","F ","F ","D ","F ","D ","F ","F ","F","F","29","34","0","0","0","0","7600","0","0","0","0","0","0","0","0","0","0","0","0","0","0","0","0"
"277","","Andrew","Tupper","Andrew Tupper","76","188","29","4","29","1987","USDL","1","Fort Wayne","8","Fort Wayne","8","N/A","0","","0","False","3","7","North Texas","Milwaukee","WI","93","60","1","86","F ","D+","C+","D-","D-","F+","F+","F ","F+","F ","F+","F-","B+","C-","A ","C ","F ","D ","B ","D ","D ","F ","F ","F ","F ","F ","F ","F ","F","F","42","45","0","6","0","0","73636","74153","0","0","0","0","0","0","0","0","0","0","0","0","0","0","2"
"278","","Caleb","Carpio","Caleb Carpio","72","194","28","3","27","1988","USDL","1","Rio Grand Valley","14","Rio Grand Valley","14","N/A","0","Broken Foot","4","False","5","5","Bradley","Detroit","MI","5","9","29","77","D ","C ","B+","D-","F ","F-","F+","D-","F-","C ","D ","F ","C+","D ","C ","D+","D ","C ","A ","D ","F ","F ","F ","F ","F ","C ","D ","F ","F","F","35","39","0","0","0","0","15500","0","0","0","0","0","0","0","0","0","0","0","0","0","0","0","0"
"279","","Kris","Wessel","Kris Wessel","78","186","29","1","26","1987","USDL","1","Delaware","18","Delaware","18","N/A","0","Broken Arm","33","True","4","8","Syracuse","New York","NY","92","36","5","36","D-","C ","B+","D+","C-","F ","F ","F-","F-","C+","A-","F ","A-","C ","B-","C-","D ","B ","A ","D ","C ","F ","F ","F ","F ","C ","A ","F ","D","D","70","78","0","13","2","0","300000","324000","348000","372000","396000","420000","0","0","0","0","0","0","0","0","0","0","0"
"280","","Edward","Brewster","Edward Brewster","73","224","20","1","4","1996","USDL","1","FA","-1","FA","-1","N/A","0","","0","True","4","1","None","Brockport","NY","55","53","88","37","F-","F+","C+","F-","D ","D-","F-","F-","F-","D ","F ","F-","C+","C ","B+","C-","F ","D ","C ","F ","C ","D ","F ","F ","F ","C ","F ","F ","F","F","24","35","0","0","0","0","0","0","0","0","0","0","0","0","0","0","0","0","0","0","0","0","0"
"281","","Willian","Dejesus","Willian Dejesus","77","222","43","12","16","1972","USDL","1","FA","-1","FA","-1","N/A","0","","0","False","4","19","Duke","Greensboro","NC","5","61","36","4","D+","B+","C ","F+","C+","C-","F-","F ","F ","C-","F-","F ","C+","B ","C+","C+","D ","B ","B ","F ","B ","D ","F ","F ","F ","C ","F ","F ","D","D","60","66","0","0","0","0","0","0","0","0","0","0","0","0","0","0","0","0","0","0","0","0","0"
"282","","Carroll","Hefner","Carroll Hefner","75","194","30","8","27","1985","USDL","1","Erie","7","Erie","7","N/A","0","","0","False","5","7","Saint Mary's","Ridgecrest","CA","50","47","14","7","D ","C ","B+","D-","F+","D ","F-","D+","F ","D-","C-","F-","B-","B-","D+","C+","D ","C ","A ","D ","D ","D ","F ","D ","F ","F ","D ","F ","F","F","47","50","0","6","2","0","120393","132432","0","0","0","0","0","0","0","0","0","0","0","0","0","0","6"
"283","","Chris","Lamothe","Chris Lamothe","78","174","22","2","11","1994","USDL","1","Texas","17","Texas","17","N/A","0","Ruptured Disc","39","True","4","0","Oklahoma","Tulsa","OK","39","43","25","34","F+","D-","C+","F-","F+","F ","F ","D ","F-","D-","F-","F-","A-","C+","A ","C ","D ","D ","C ","F ","D ","F ","F ","D ","F ","D ","F ","F ","F","D","42","61","0","1","0","0","14820","15031","15242","0","0","0","0","0","0","0","0","0","0","0","0","0","0"
"284","","Harold","Walker","Harold Walker","75","189","27","2","8","1989","USDL","1","Idaho","9","Idaho","9","N/A","0","Dislocated Shoulder","12","True","4","6","Fairleigh Dickinson","Riviera Beach","MD","66","32","59","72","F-","B+","A ","F ","F+","F-","D ","F ","F-","D ","F+","F ","B ","C-","A-","C ","F ","A ","A ","F ","F ","F ","D ","F ","F ","D ","F ","F ","F","F","44","50","0","1","0","0","21540","23263","0","0","0","0","0","0","0","2","0","0","0","0","0","0","0"
"285","","Buster","Jansen","Buster Jansen","78","201","25","5","11","1990","USDL","1","Santa Cruz","15","Santa Cruz","15","N/A","0","","0","False","4","3","Tennessee","Palm Coast","FL","82","43","17","68","D ","A ","B+","F-","F+","D-","F-","F ","F ","C-","D-","F ","B-","C-","A-","C-","D ","A ","A ","F ","F ","F ","F ","F ","F ","D ","D ","F ","D","D","62","66","0","13","4","0","69608","0","0","0","0","0","0","0","0","0","0","0","0","0","0","0","3"
"286","","Stanley","Scott","Stanley Scott","73","213","21","3","13","1995","USDL","1","Idaho","9","Idaho","9","N/A","0","","0","False","4","1","Vanderbilt","La Follette","TN","35","2","64","2","C-","D-","C ","D ","F-","D ","F ","F ","F-","D ","F ","F ","B ","C+","B+","D-","B ","D ","C ","D ","F ","D ","F ","F ","F ","C ","F ","F ","F","F","35","51","0","0","0","0","11100","12900","0","0","0","0","0","0","0","0","0","0","0","0","0","0","1"
"287","","Corey","Davis","Corey Davis","77","172","35","8","6","1980","USDL","1","Toronto","21","Toronto","21","N/A","0","","0","False","3","13","Northwestern","Springfield","IL","47","50","58","24","B-","B ","C+","F-","C ","C-","F+","F-","F ","C-","D+","F ","C+","C ","B-","C+","B ","B ","B ","F ","C ","C ","F ","F ","F ","D ","D ","F ","D","C","74","80","0","33","9","4","350000","375077","400155","0","0","0","0","0","0","0","0","0","0","0","0","0","0"
"288","","John","Bettencourt","John Bettencourt","77","218","28","10","16","1987","USDL","1","Texas","17","Texas","17","N/A","0","","0","False","3","4","Florida","Lancaster","PA","78","10","3","93","F ","C ","B-","D ","F ","F-","F ","D ","F ","D ","D-","F ","C+","C ","C ","C-","F ","C ","B ","D ","F ","F ","F ","D ","F ","D ","D ","F ","F","F","44","47","0","2","0","0","82988","0","0","0","0","0","0","0","0","0","0","0","0","0","0","0","1"
"289","","John","Villasenor","John Villasenor","78","176","24","4","8","1992","USDL","1","Delaware","18","Delaware","18","N/A","0","","0","False","3","4","Akron","Glendale","CA","41","39","88","60","C-","D+","B-","F-","F+","F-","F-","F ","F ","D+","D ","F-","C+","C+","A-","D+","D ","D ","B ","F ","D ","F ","F ","F ","F ","D ","D ","F ","F","F","45","50","0","4","0","0","74102","83365","92628","0","0","0","0","0","0","0","0","0","0","0","0","0","2"
"290","","Timothy","Calfee","Timothy Calfee","77","173","28","12","29","1987","USDL","1","Oklahoma City","20","Oklahoma City","20","N/A","0","","0","False","3","8","North Carolina","Cortland","NY","20","2","19","2","F+","C+","C+","F-","F ","D+","F+","D-","D+","F ","F-","F ","C+","C ","A-","C ","F ","C ","B ","F ","F ","D ","F ","D ","D ","F ","F ","F ","F","F","43","46","0","0","0","0","79890","89876","99862","0","0","0","0","0","0","0","0","0","0","0","0","0","2"
"291","","Riley","Chamberlin","Riley Chamberlin","80","192","42","9","22","1973","USDL","1","Grand Rapids","19","Grand Rapids","19","N/A","0","","0","False","4","22","Texas","Humble","TX","9","39","37","6","F-","C-","C ","D-","D+","F+","F ","F ","F-","D+","C-","F ","A ","C-","B ","B-","F ","D ","C ","D ","D ","F ","F ","F ","F ","D ","D ","F ","F","F","56","58","0","3","1","0","247316","272048","0","0","0","0","0","0","0","0","0","0","0","0","0","0","2"
"292","","Larry","Wilson","Larry Wilson","78","171","33","4","7","1983","USDL","1","Westchester","22","Westchester","22","N/A","0","Bruised Hip","0","False","4","11","Illinois State","Nowata","OK","45","18","48","97","D-","C ","B ","D+","C ","F ","F-","D ","F-","C ","F-","F-","C+","C ","C ","C-","D ","C ","B ","D ","C ","F ","F ","D ","F ","C ","F ","F ","F","D","56","63","0","1","0","0","276730","0","0","0","0","0","0","0","0","0","0","0","0","0","0","0","6"
"293","","Darrin","Jackson","Darrin Jackson","75","166","20","1","22","1996","USDL","1","Erie","7","Erie","7","N/A","0","","0","False","5","0","Campbell","Colona","IL","64","37","46","37","F ","C+","C ","F+","D-","D ","F ","F-","F ","D+","F ","D ","A-","C+","C+","A ","F ","B ","C ","F ","D ","D ","F ","F ","F ","D ","F ","D ","F","F","51","57","0","4","0","0","29230","32153","35076","37999","0","0","0","0","0","0","0","0","0","0","0","0","0"
"294","","Emmett","James","Emmett James","73","205","31","7","23","1984","USDL","1","Idaho","9","Idaho","9","N/A","0","","0","False","4","9","Morehead State","Olney","IL","47","41","19","36","C-","C ","C+","D ","C-","F ","F-","D+","F+","F ","D-","F ","A-","B-","B ","C-","D ","C ","C ","D ","D ","F ","F ","D ","F ","F ","D ","F ","F","F","44","48","0","4","0","0","88923","0","0","0","0","0","0","0","0","0","0","0","0","0","0","0","1"
"295","","Israel","Smith","Israel Smith","74","175","20","1","6","1996","USDL","1","Santa Cruz","15","Santa Cruz","15","N/A","0","","0","False","5","0","Winthrop","Cleveland","OH","83","25","13","55","D-","C ","C ","F ","F+","C-","F-","F-","F-","D ","F ","F ","B+","C-","C ","D-","D ","B ","C ","F ","D ","D ","F ","F ","F ","D ","F ","F ","F","F","37","49","0","0","0","0","7600","11100","0","0","0","0","0","0","0","0","0","0","0","0","0","0","0"
"296","","Wu","Xú","Wu Xú","72","172","30","12","18","1985","USDL","1","Los Angeles","11","Los Angeles","11","N/A","0","Sprained Knee","0","False","5","10","None","Shanghai","China","89","18","88","68","D+","C ","B ","F-","C-","F ","F-","F ","F-","D ","B-","F ","A ","C+","C ","A ","C ","C ","B ","F ","D ","F ","F ","F ","F ","D ","B ","F ","F","D","55","61","0","15","5","1","247316","278230","0","0","0","0","0","0","0","0","0","0","0","0","0","0","0"
"297","","Harold","Schaub","Harold Schaub","74","173","27","12","4","1988","USDL","1","Toronto","21","Toronto","21","N/A","0","Broken Ankle","19","True","5","3","San Diego State","Florence-Graham","CA","20","14","42","64","F+","C-","B+","F+","C ","F+","F ","F+","F-","C ","D ","F-","A-","C ","A+","C ","F ","C ","B ","F ","B ","F ","F ","F ","F ","C ","D ","F ","F","D","52","63","0","3","0","0","54647","0","0","0","0","0","0","0","0","0","0","0","0","0","0","0","3"
"298","","Richard","Perez","Richard Perez","72","208","34","10","20","1981","USDL","1","Reno","13","Reno","13","N/A","0","Scratched Cornea","0","False","5","11","None","Buechel","KY","58","2","29","77","D+","D ","C ","F+","C ","D+","F-","F-","F+","F ","D ","F ","B+","D+","C+","C-","D ","D ","C ","F ","C ","D ","F ","F ","F ","F ","D ","F ","F","F","41","45","0","0","0","0","23800","0","0","0","0","0","0","0","0","0","0","0","0","0","0","0","0"
"299","","Morgan","Collins","Morgan Collins","75","214","29","11","15","1986","USDL","1","Santa Cruz","15","Santa Cruz","15","N/A","0","","0","False","5","8","Cal State Fullerton","Oakdale","CA","34","9","21","37","F ","D+","C+","F-","C ","D-","F ","F-","F-","D-","D-","F-","B+","C-","C+","C ","F ","D ","B ","F ","C ","F ","F ","F ","F ","F ","F ","F ","F","F","38","41","0","0","0","0","20000","0","0","0","0","0","0","0","0","0","0","0","0","0","0","0","0"
"300","","Rickey","Tyler","Rickey Tyler","75","161","32","3","22","1984","USDL","1","Erie","7","Erie","7","N/A","0","Sprained Wrist","0","False","4","12","Auburn","Memphis","TN","25","24","20","62","D ","D ","C+","C-","F+","D-","F-","F+","D ","D-","C ","F ","B+","C+","C ","C-","D ","D ","C ","D ","F ","D ","F ","F ","D ","F ","C ","F ","F","F","46","50","0","0","0","0","23800","0","0","0","0","0","0","0","0","0","0","0","0","0","0","0","0"
"301","","Dennis","Leigh","Dennis Leigh","75","200","25","3","20","1991","USDL","1","Canton","6","Canton","6","N/A","0","","0","False","4","6","Maryland","Colesville","MD","2","20","90","22","D ","B-","B ","F-","C-","F-","F-","D-","F-","C-","F+","F ","A ","D+","A ","C-","D ","A ","B ","F ","D ","F ","F ","F ","F ","B ","F ","F ","F","D","50","67","0","4","0","0","146152","150988","155824","160659","0","0","0","0","0","0","0","0","0","0","0","0","2"
"302","","Frank","Burt","Frank Burt","79","183","29","12","13","1986","USDL","1","Idaho","9","Idaho","9","N/A","0","","0","False","5","7","Binghamton","Gary","IN","99","9","99","3","D-","C ","B-","D-","C+","D+","F-","F ","F+","C ","F ","F-","A ","D-","C ","C-","F ","C ","B ","F ","C ","D ","F ","F ","F ","C ","F ","F ","F","D","59","61","0","3","0","0","231890","255079","278268","301457","324646","0","0","0","0","0","0","0","0","0","0","0","0"
"303","","Elliot","Anderson","Elliot Anderson","75","206","25","11","29","1990","USDL","1","Texas","17","Texas","17","N/A","0","","0","False","5","2","Stanford","Livingston","CA","49","40","72","55","F ","D ","C+","F ","D+","D+","F-","F-","F-","D+","C-","F-","B+","F ","B-","D+","F ","D ","C ","F ","D ","D ","F ","F ","F ","D ","D ","F ","F","F","39","43","0","0","0","0","12900","0","0","0","0","0","0","0","0","0","0","0","0","0","0","0","0"
"304","","Otto","Haddad","Otto Haddad","73","189","19","1","31","1997","USDL","1","Sioux Falls","16","Sioux Falls","16","N/A","0","","0","False","3","0","VCU","Hyattsville","MD","69","32","92","49","F+","D+","B-","D-","C-","F ","F-","F ","F+","C-","D ","F-","B ","F-","C-","C+","F ","D ","B ","D ","C ","F ","F ","F ","F ","C ","D ","F ","F","F","38","48","0","1","0","0","8335","11100","0","0","0","0","0","0","0","0","0","0","0","0","0","0","0"
"305","","Irving","Moody","Irving Moody","74","164","37","12","23","1978","USDL","1","Iowa","10","Iowa","10","N/A","0","Sprained Knee","0","False","5","13","Arkansas","Wichita","KS","81","25","57","53","D-","C ","A-","C ","C ","C ","F ","F+","F-","D+","D ","F-","A-","D+","C+","C-","F ","B ","A ","C ","C ","C ","F ","F ","F ","D ","D ","F ","F","D","55","64","0","8","0","0","270538","276646","0","0","0","0","0","0","0","0","0","0","0","0","0","0","7"
"306","","Vito","Rodas","Vito Rodas","75","219","29","5","9","1986","USDL","1","Maine","12","Maine","12","N/A","0","Bruised Jaw","0","False","5","10","Columbia","Victor","NY","18","44","35","45","F+","D+","B ","C-","C-","F ","D-","F-","F-","F+","F-","F-","A-","D-","A-","C ","F ","D ","B ","D ","C ","F ","F ","F ","F ","F ","F ","F ","F","F","39","45","0","1","0","0","23800","0","0","0","0","0","0","0","0","0","0","0","0","0","0","0","0"
"307","","Zou","Tann","Zou Tann","72","179","27","5","19","1988","USDL","1","Sioux Falls","16","Sioux Falls","16","N/A","0","","0","True","5","9","None","Yangjiang","China","54","37","76","22","F+","D ","C ","D-","D ","D ","F-","D+","F-","F ","F ","F-","B ","C ","B ","C-","F ","D ","C ","F ","D ","D ","F ","D ","F ","F ","F ","F ","F","F","35","40","0","0","0","0","23000","0","0","0","0","0","0","0","0","0","0","0","0","0","0","0","0"
"308","","Rudolph","Williams","Rudolph Williams","73","201","29","3","31","1987","USDL","1","Fort Wayne","8","Fort Wayne","8","N/A","0","","0","False","5","5","Georgetown","Joppatowne","MD","37","2","65","82","D ","D-","C ","F+","C+","C-","F-","D ","F-","D-","F+","D ","B ","F-","C+","D ","D ","F ","C ","F ","B ","C ","F ","D ","F ","D ","F ","D ","F","F","41","45","0","0","0","0","15500","0","0","0","0","0","0","0","0","0","0","0","0","0","0","0","0"
"309","","Chris","Bushman","Chris Bushman","75","208","32","6","24","1983","USDL","1","Bakersfield","5","Bakersfield","5","N/A","0","","0","False","5","12","Milwaukee","Pekin","IL","54","27","60","27","F+","D-","C ","F-","D ","D-","F-","F-","F-","C-","C ","F ","A ","C ","A-","C ","F ","D ","C ","F ","D ","D ","F ","F ","F ","C ","D ","F ","F","F","42","47","0","3","0","0","85909","86928","87947","0","0","0","0","0","0","0","0","0","0","0","0","0","0"
"310","","Troy","Taylor","Troy Taylor","75","174","22","7","25","1993","USDL","1","Fort Wayne","8","Fort Wayne","8","N/A","0","Dislocated Shoulder","0","False","5","0","Utah","El Monte","CA","3","42","94","12","F+","D+","B-","F ","F+","C-","F-","F+","F-","C ","D+","F ","A-","C ","C ","C ","D ","D ","B ","F ","D ","C ","F ","D ","F ","A ","C ","F ","F","D","46","68","0","3","0","0","23781","25254","26726","28199","0","0","0","0","0","0","0","0","0","0","0","0","0"
"311","","John","Doggett","John Doggett","71","153","33","12","24","1982","USDL","1","Oklahoma City","20","Oklahoma City","20","N/A","0","","0","False","5","13","Oklahoma","Stillwater","OK","10","35","27","13","D-","D-","C ","F ","C+","C ","F+","F-","D-","F+","D-","F ","B+","C ","C ","D+","D ","F ","C ","F ","B ","C ","F ","F ","D ","F ","F ","F ","F","F","41","46","0","2","0","0","23800","0","0","0","0","0","0","0","0","0","0","0","0","0","0","0","0"
"312","","Abram","Parker","Abram Parker","75","190","34","4","23","1982","USDL","1","Oklahoma City","20","Oklahoma City","20","N/A","0","Dislocated Finger","0","False","5","11","Ohio","Norfolk","VA","28","20","13","40","F ","C+","B+","F+","D-","F ","F+","F ","F ","D+","C-","F-","A ","C ","B+","C-","F ","B ","B ","F ","D ","F ","F ","F ","F ","D ","D ","F ","F","F","46","53","0","1","0","0","166467","172111","177756","0","0","0","0","0","0","0","0","0","0","0","0","0","0"
"313","","Jarrett","Unruh","Jarrett Unruh","73","176","42","12","18","1973","USDL","1","Reno","13","Reno","13","N/A","0","Sprained Ankle","0","False","5","23","Oklahoma","Lubbock","TX","87","23","13","3","C ","C-","B+","C-","C-","C ","F-","F ","F-","D ","D ","F-","A-","C-","C ","C ","C ","D ","B ","C ","D ","C ","F ","F ","F ","D ","D ","F ","F","D","58","66","0","3","0","0","276730","292142","0","0","0","0","0","0","0","0","0","0","0","0","0","0","0"
"314","","Demarcus","Whittaker","Demarcus Whittaker","76","183","35","8","17","1980","USDL","1","Maine","12","Maine","12","N/A","0","Fractured Nose","0","False","4","16","Syracuse","Woodland","CA","80","18","3","11","D ","C-","B+","F-","C ","D ","F-","D ","F+","D-","F ","F ","B+","C-","A-","C ","D ","C ","B ","F ","C ","D ","F ","D ","F ","D ","F ","F ","F","F","47","53","0","3","0","0","166467","187275","0","0","0","0","0","0","0","0","0","0","0","0","0","0","2"
"315","","Chus","Guillen","Chus Guillen","79","213","27","7","15","1988","USDL","1","Westchester","22","Westchester","22","N/A","0","","0","False","4","7","Southern California","Los Angeles","CA","29","32","3","55","F-","C ","B ","F ","D ","C-","F-","F-","F-","F+","D+","F+","A ","C ","A+","C-","F ","C ","A ","F ","D ","D ","F ","F ","F ","F ","D ","F ","F","F","50","55","0","1","0","0","184299","191590","0","0","0","0","0","0","0","0","0","0","0","0","0","0","1"
"316","","Neal","Ramos","Neal Ramos","71","158","19","9","26","1996","USDL","1","Texas","17","Texas","17","N/A","0","","0","False","5","0","Richmond","Hudson","MA","48","40","29","8","D ","C-","C ","D-","F+","F ","D-","F+","F ","C ","F+","F-","A-","C ","A ","C ","D ","D ","C ","D ","F ","F ","D ","D ","F ","C ","F ","F ","F","F","46","54","0","4","0","0","20065","21305","22545","23785","0","0","0","0","0","0","0","0","0","0","0","0","0"
"317","","Fyodor","Kostina","Fyodor Kostina","73","203","31","8","14","1984","USDL","1","Bakersfield","5","Bakersfield","5","N/A","0","","0","False","5","8","None","Seltso","Russia","24","17","22","57","D ","F ","C ","D ","D-","D ","F-","F-","F-","C ","C ","F-","A+","B ","A ","B-","D ","F ","C ","D ","F ","D ","F ","F ","F ","C ","C ","F ","F","F","55","59","0","4","1","0","215966","237563","259159","0","0","0","0","0","0","0","0","0","0","0","0","0","5"
"318","","Rudolph","Jones","Rudolph Jones","72","173","27","6","4","1988","USDL","1","Sioux Falls","16","Sioux Falls","16","N/A","0","","0","False","5","5","None","Odessa","TX","22","16","88","88","B ","D ","C+","D ","D ","D ","F+","D-","F-","F-","C-","F-","A-","D-","A ","C-","B ","D ","B ","D ","D ","D ","F ","D ","F ","F ","D ","F ","F","D","56","62","0","3","0","0","73871","79781","0","0","0","0","0","0","0","0","0","0","0","0","0","0","0"
"319","","Eliseo","Browning","Eliseo Browning","75","191","27","5","6","1988","USDL","1","Westchester","22","Westchester","22","N/A","0","","0","False","4","8","Miami-Ohio","Hamilton","OH","9","7","93","78","F+","C-","C ","D-","F ","F ","F-","F ","F-","D ","D-","F-","A-","C-","C ","C-","F ","C ","C ","D ","F ","F ","F ","F ","F ","D ","D ","F ","F","F","38","45","0","0","0","0","20000","0","0","0","0","0","0","0","0","0","0","0","0","0","0","0","0"
"320","","Markus","Williams","Markus Williams","75","212","27","6","26","1988","USDL","1","Texas","17","Texas","17","N/A","0","","0","False","4","5","None","Toronto","Canada","85","37","56","32","F+","C ","B ","F ","D+","D-","F-","F-","F-","C ","D ","F-","B ","F ","B-","C ","F ","C ","A ","F ","D ","D ","F ","F ","F ","C ","D ","F ","F","F","43","46","0","3","0","0","61364","67500","0","0","0","0","0","0","0","0","0","0","0","0","0","0","2"
"321","","Darius","Melo","Darius Melo","79","202","28","1","20","1988","USDL","1","Canton","6","Canton","6","N/A","0","","0","False","5","7","Texas","Longview","TX","41","2","14","38","F-","D-","C ","F-","C-","D+","F-","F-","F-","D-","D ","F-","B+","B-","C ","C-","F ","D ","C ","F ","D ","D ","F ","F ","F ","D ","D ","F ","F","F","36","41","0","0","0","0","18500","0","0","0","0","0","0","0","0","0","0","0","0","0","0","0","0"
"322","","Nicky","Harris","Nicky Harris","73","181","30","4","1","1986","USDL","1","Grand Rapids","19","Grand Rapids","19","N/A","0","","0","False","5","10","Brigham Young","Alameda","CA","76","4","72","84","D-","D ","C ","F ","C ","D-","F-","F-","F+","D ","F+","F-","B+","D+","C-","C-","F ","D ","C ","F ","C ","D ","F ","F ","F ","D ","F ","F ","F","F","36","38","0","0","0","0","23800","0","0","0","0","0","0","0","0","0","0","0","0","0","0","0","0"
"323","","James","Harris","James Harris","74","216","27","4","22","1989","USDL","1","Sioux Falls","16","Sioux Falls","16","N/A","0","","0","False","5","5","Saint Joseph's","Marblehead","MA","64","31","95","50","F+","D+","C+","C-","C-","C ","F-","F+","F+","D-","F-","F ","A-","C ","A-","C ","F ","D ","B ","D ","C ","C ","F ","F ","F ","F ","F ","F ","F","F","52","59","0","2","0","0","165596","173988","182380","190772","199165","0","0","0","0","0","0","0","0","0","0","0","2"
"324","","Hector","Arsenault","Hector Arsenault","75","201","22","7","7","1993","USDL","1","Delaware","18","Delaware","18","N/A","0","Dislocated Knee","0","False","4","0","Santa Clara","Meridian","ID","29","31","68","99","F ","F ","C-","D-","C-","F ","F ","F ","F-","C-","F ","F-","B+","F+","B+","C-","F ","F ","C ","D ","B ","F ","F ","F ","F ","B ","F ","F ","F","F","32","46","0","1","0","0","7600","11100","0","0","0","0","0","0","0","0","0","0","0","0","0","0","0"
"325","","Eloy","Rivera","Eloy Rivera","72","215","32","1","24","1984","USDL","1","Toronto","21","Toronto","21","N/A","0","","0","False","5","13","Cal State Northridge","San Jose","CA","76","37","17","47","F ","F+","C ","F+","C ","F ","F-","F-","F-","B+","C ","D ","A-","C ","B ","C ","F ","F ","C ","F ","B ","F ","F ","F ","F ","B ","C ","D ","F","F","46","52","0","1","0","0","116184","121210","0","0","0","0","0","0","0","0","0","0","0","0","0","0","1"
"326","","James","Paiz","James Paiz","75","200","25","3","7","1991","USDL","1","Rio Grand Valley","14","Rio Grand Valley","14","N/A","0","","0","True","5","5","DePaul","Freeport","IL","71","2","62","75","F+","D-","C ","F-","D+","C-","F-","F-","F-","F+","D ","F-","A-","C-","C-","C-","D ","D ","C ","F ","C ","C ","F ","F ","F ","D ","D ","F ","F","F","34","47","0","0","0","0","15500","0","0","0","0","0","0","0","0","0","0","0","0","0","0","0","0"
"327","","Darrick","Williams","Darrick Williams","75","160","27","8","2","1988","USDL","1","Grand Rapids","19","Grand Rapids","19","N/A","0","Sprained Knee","0","False","4","4","College of Charleston","Greenville","SC","17","2","10","72","D-","C-","C+","D ","D-","F+","F ","F ","F-","D-","D-","F ","B ","C ","C+","C-","D ","D ","B ","D ","D ","F ","F ","F ","F ","D ","D ","F ","F","F","41","45","0","1","0","0","14100","0","0","0","0","0","0","0","0","0","0","0","0","0","0","0","0"
"328","","Bruce","Jones","Bruce Jones","74","168","19","7","7","1996","USDL","1","Delaware","18","Delaware","18","N/A","0","","0","False","5","0","Massachusetts","Somerset","MA","96","44","12","36","C-","F+","C ","D ","F+","F ","F-","F+","F-","D+","F ","F-","A-","C ","C+","C ","C ","D ","C ","C ","D ","F ","F ","F ","F ","C ","F ","F ","F","F","38","54","0","0","0","0","7600","11100","0","0","0","0","0","0","0","0","0","0","0","0","0","0","0"
"329","","Barry","Pierce","Barry Pierce","75","156","26","12","16","1989","USDL","1","Iowa","10","Iowa","10","N/A","0","","0","False","4","3","None","Barre","VT","21","60","58","70","F ","C+","C+","F-","D ","D-","F-","F-","F ","D+","D-","D-","B+","F ","C+","C ","F ","B ","B ","F ","D ","D ","F ","F ","F ","D ","D ","D ","F","F","41","48","0","4","0","0","17002","0","0","0","0","0","0","0","0","0","0","0","0","0","0","0","3"
"330","","Gary","Rager","Gary Rager","75","189","23","5","15","1992","USDL","1","FA","-1","FA","-1","N/A","0","","0","False","5","4","Tennessee","Pulaski","TN","30","74","93","2","D-","C-","B+","F-","C ","C-","F-","F+","F-","C ","C ","F ","B+","D-","C-","C ","D ","C ","B ","F ","B ","C ","F ","D ","F ","C ","B ","F ","F","D","49","65","0","0","0","0","0","0","0","0","0","0","0","0","0","0","0","0","0","0","0","0","0"
"331","","Gayle","Evans","Gayle Evans","70","196","23","6","22","1992","USDL","1","FA","-1","FA","-1","N/A","0","","0","True","5","4","Weber State","Brigham City","UT","39","65","82","33","F ","F ","C ","F ","F ","D-","F-","F-","F-","F-","F+","F-","B+","C ","C ","C ","F ","F ","C ","F ","F ","D ","F ","F ","F ","F ","F ","F ","F","F","22","30","0","0","0","0","0","0","0","0","0","0","0","0","0","0","0","0","0","0","0","0","0"
"332","","Joseph","King","Joseph King","74","219","26","3","8","1990","USDL","1","Los Angeles","11","Los Angeles","11","N/A","0","","0","False","5","2","Western Carolina","McMinnville","TN","69","48","57","84","F ","D+","C+","F-","C-","F ","F-","D+","F ","C ","C ","F ","B ","C+","C ","C-","F ","D ","B ","F ","C ","F ","F ","D ","F ","C ","C ","F ","F","F","38","43","0","1","0","0","12900","0","0","0","0","0","0","0","0","0","0","0","0","0","0","0","0"
"333","","Lou","Buck","Lou Buck","74","195","28","9","16","1987","USDL","1","Canton","6","Canton","6","N/A","0","","0","False","5","8","None","Mukwonago","WI","79","26","99","85","D+","D ","C ","D ","C-","D-","D-","D ","F-","F+","D-","F-","A ","C ","B+","C+","D ","D ","C ","D ","D ","F ","F ","D ","F ","F ","D ","F ","F","F","47","51","0","3","0","0","120393","126773","133153","139533","0","0","0","0","0","0","0","0","0","0","0","0","1"
"334","","Gregory","Green","Gregory Green","74","204","31","4","18","1985","USDL","1","FA","-1","FA","-1","N/A","0","","0","True","5","8","Rhode Island","West Caldwell","NJ","84","65","34","35","F-","F+","C ","C ","C-","F ","F-","D ","F ","F ","F ","F-","B ","D-","C+","D ","F ","F ","C ","C ","D ","F ","F ","D ","F ","F ","F ","F ","F","F","29","31","0","0","0","0","0","0","0","0","0","0","0","0","0","0","0","0","0","0","0","0","0"
"335","","Rodolfo","Linhares","Rodolfo Linhares","72","152","30","1","9","1986","USDL","1","Iowa","10","Iowa","10","N/A","0","","0","False","5","10","None","Cachoeirinha","Brazil","50","2","58","32","F-","D ","C+","F ","C+","D+","F ","F+","F-","D ","D-","D+","A-","C ","C+","C-","F ","D ","B ","F ","C ","D ","F ","F ","F ","D ","F ","D ","F","F","39","44","0","0","0","0","23800","0","0","0","0","0","0","0","0","0","0","0","0","0","0","0","0"
"336","","Rolland","Chalmers","Rolland Chalmers","75","181","33","12","10","1982","USDL","1","Westchester","22","Westchester","22","N/A","0","","0","False","5","11","Hartford","Jersey City","NJ","48","46","69","50","B-","C-","C ","C ","D ","F ","F-","F+","F-","C ","F-","D+","A ","D-","A+","C ","B ","D ","C ","C ","D ","F ","F ","F ","F ","B ","F ","D ","D","D","74","79","0","17","2","0","350000","362430","0","0","0","0","0","0","0","0","0","0","0","0","0","0","1"
"337","","Mecys","Peciulis","Mecys Peciulis","74","199","27","3","18","1989","USDL","1","FA","-1","FA","-1","N/A","0","","0","True","5","6","None","Druskininkai","Lithuania","57","49","90","91","F-","F+","C ","F+","D-","D ","F ","D-","F ","D ","F ","F-","B+","C-","C+","D+","F ","D ","C ","F ","D ","D ","F ","D ","F ","D ","F ","F ","F","F","29","36","0","0","0","0","0","0","0","0","0","0","0","0","0","0","0","0","0","0","0","0","0"
"338","","Allen","Pierson","Allen Pierson","74","185","30","5","27","1985","USDL","1","Grand Rapids","19","Grand Rapids","19","N/A","0","","0","False","5","11","Florida","West Samoset","FL","11","7","74","34","F ","C-","C+","D+","C+","C-","F-","D ","D-","D+","D ","F+","B ","F-","C ","C-","F ","D ","B ","D ","C ","D ","F ","D ","F ","D ","D ","F ","F","F","46","48","0","2","0","0","116184","0","0","0","0","0","0","0","0","0","0","0","0","0","0","0","6"
"339","","Bud","Wells","Bud Wells","75","153","42","2","9","1974","USDL","1","Toronto","21","Toronto","21","N/A","0","","0","False","5","19","Sacramento State","San Francisco","CA","87","43","73","26","F ","C-","A-","F+","D-","C-","F ","F-","F-","F ","D+","F ","B-","D+","C ","C ","F ","C ","B ","F ","D ","D ","F ","F ","F ","F ","D ","F ","F","F","35","40","0","0","0","0","23800","0","0","0","0","0","0","0","0","0","0","0","0","0","0","0","0"
"340","","Howard","Anderson","Howard Anderson","78","201","30","10","25","1985","USDL","1","Santa Cruz","15","Santa Cruz","15","N/A","0","Dislocated Knee","0","False","5","8","Georgia","Columbus city","GA","25","36","38","88","C-","C-","B-","D+","C-","D+","F ","F-","F-","C-","F ","F-","A-","D-","A-","C ","D ","D ","B ","D ","D ","D ","F ","F ","F ","D ","F ","F ","D","D","64","66","0","4","0","0","259756","285732","311707","337683","0","0","0","0","0","0","0","0","0","0","0","0","1"
"341","","Richard","Martin","Richard Martin","74","220","28","2","11","1988","USDL","1","FA","-1","FA","-1","N/A","0","","0","True","5","9","Illinois State","Chicago","IL","35","49","96","90","F+","D+","C+","C-","F ","F ","F ","F-","F ","F ","D-","F-","B ","B ","C ","C-","F ","D ","B ","C ","F ","F ","F ","F ","F ","F ","D ","F ","F","F","33","37","0","0","0","0","0","0","0","0","0","0","0","0","0","0","0","0","0","0","0","0","0"
"342","","Cristopher","Garcia","Cristopher Garcia","74","154","21","8","23","1994","USDL","1","Rio Grand Valley","14","Rio Grand Valley","14","N/A","0","","0","False","4","0","North Texas","Clarksville","AR","5","77","94","15","F-","C ","A-","D+","C-","F+","F-","F ","F-","D+","D ","F ","B-","D ","B+","C ","F ","B ","A ","C ","C ","F ","F ","F ","F ","C ","D ","F ","F","F","42","58","0","3","0","0","12273","13500","14728","0","0","0","0","0","0","0","0","0","0","0","0","0","0"
"343","","Chris","Powell","Chris Powell","74","187","24","11","25","1991","USDL","1","Iowa","10","Iowa","10","N/A","0","","0","False","3","3","Gonzaga","Bozeman","MT","87","57","74","93","F ","D ","C+","D-","F+","F ","F ","F+","F ","C-","D ","F-","A-","C+","A ","C+","F ","D ","B ","D ","F ","F ","F ","D ","F ","C ","D ","F ","F","F","42","50","0","4","0","0","13500","0","0","0","0","0","0","0","0","0","0","0","0","0","0","0","0"
"344","","David","Hodges","David Hodges","75","210","31","1","15","1985","USDL","1","Grand Rapids","19","Grand Rapids","19","N/A","0","","0","False","5","7","UAB","Tulsa","OK","98","24","17","98","F+","C-","C+","F+","D+","F ","F ","C ","F+","C ","B+","F-","A ","F ","C+","C ","F ","D ","B ","D ","D ","F ","F ","C ","F ","C ","A ","F ","F","D","53","60","0","3","0","0","206677","209140","211604","214067","0","0","0","0","0","0","0","0","0","0","0","0","4"
"345","","Gaylord","Davy","Gaylord Davy","71","218","28","8","24","1987","USDL","1","Fort Wayne","8","Fort Wayne","8","N/A","0","","0","False","5","4","Syracuse","Towson","MD","78","33","77","77","D-","D-","C ","F+","D ","D-","F-","C-","F-","C-","C ","F ","A-","C-","C+","C ","D ","D ","C ","F ","D ","D ","F ","C ","F ","C ","B ","F ","F","F","45","54","0","1","0","0","82988","91287","0","0","0","0","0","0","0","0","0","0","0","0","0","0","7"
"346","","Gregg","Menefee","Gregg Menefee","73","202","29","8","7","1986","USDL","1","Rio Grand Valley","14","Rio Grand Valley","14","N/A","0","Sprained Ankle","0","False","5","7","Georgia Southern","Augusta-Richmond County","GA","44","19","55","21","F+","F ","C-","D+","C-","C ","F ","D-","F-","D+","F+","F-","B+","C-","A-","C-","F ","F ","D ","D ","C ","C ","F ","F ","F ","D ","F ","F ","F","F","47","53","0","0","0","0","31984","34543","0","0","0","0","0","0","0","2","0","0","0","0","0","0","0"
"347","","Andrew","Jarvis","Andrew Jarvis","77","217","33","3","7","1983","USDL","1","FA","-1","FA","-1","N/A","0","","0","True","5","13","Kansas","Wichita","KS","69","49","72","27","F+","F+","C-","F+","D-","F+","F-","D ","F+","D-","D+","F ","B+","F ","C-","C-","F ","F ","C ","F ","D ","F ","F ","D ","F ","F ","D ","F ","F","F","33","35","0","0","0","0","0","0","0","0","0","0","0","0","0","0","0","0","0","0","0","0","0"
"348","","Daniel","Galloway","Daniel Galloway","75","177","29","5","8","1986","USDL","1","Reno","13","Reno","13","N/A","0","","0","False","4","7","Texas","San Antonio","TX","83","56","12","15","D-","D ","C ","D-","C ","D-","F ","F ","F ","C-","F+","D-","A-","F+","B-","C+","F ","D ","C ","F ","C ","F ","F ","F ","F ","C ","F ","D ","F","F","46","50","0","2","0","0","142686","146632","150579","154525","0","0","0","0","0","0","0","0","0","0","0","0","0"
"349","","Omar","Baker","Omar Baker","76","212","32","3","20","1984","USDL","1","Toronto","21","Toronto","21","N/A","0","","0","False","4","10","Oklahoma","Grand Prairie","TX","75","28","28","15","F+","C ","B ","F-","C ","C-","F-","F-","F ","F-","D-","F-","A ","C ","B+","B-","F ","C ","B ","F ","C ","D ","F ","F ","F ","F ","D ","F ","F","F","50","55","0","2","0","0","23800","0","0","0","0","0","0","0","0","0","0","0","0","0","0","0","0"
"350","","Steven","Asher","Steven Asher","74","189","24","11","7","1991","USDL","1","Westchester","22","Westchester","22","N/A","0","","0","False","5","0","Michigan State","Port Huron","MI","50","42","83","73","D ","D+","C ","D-","D+","F ","F-","F-","F-","F ","D-","F-","B ","F-","A ","C-","D ","D ","C ","D ","C ","F ","F ","F ","F ","F ","D ","F ","F","F","38","44","0","0","0","0","7600","0","0","0","0","0","0","0","0","0","0","0","0","0","0","0","0"
"351","","James","Wilson","James Wilson","75","211","28","6","30","1987","USDL","1","Oklahoma City","20","Oklahoma City","20","N/A","0","","0","False","4","10","Old Dominion","Fairhope","AL","29","52","56","28","F+","C ","B+","B-","D ","F ","F ","C-","F ","C ","D ","D-","A ","D ","A ","A-","F ","C ","A ","B ","D ","F ","F ","D ","F ","C ","D ","D ","D","C","75","83","0","22","2","1","350000","0","0","0","0","0","0","0","0","0","0","0","0","0","0","0","0"
"352","","Carlos","Smith","Carlos Smith","73","219","28","11","7","1987","USDL","1","Idaho","9","Idaho","9","N/A","0","Fractured Hip","20","True","5","8","Utah","Oakley","CA","37","29","76","69","F ","C ","B-","D ","C+","D-","F-","F+","F ","F+","F+","F+","B ","C ","D+","C ","F ","C ","B ","D ","B ","D ","F ","F ","F ","F ","F ","F ","F","F","41","46","0","2","0","0","20000","0","0","0","0","0","0","0","0","0","0","0","0","0","0","0","0"
"353","","Chauncey","Johnson","Chauncey Johnson","76","197","29","3","13","1987","USDL","1","FA","-1","FA","-1","N/A","0","","0","False","5","7","Xavier","Ironton","OH","44","28","61","91","C-","D ","B-","D ","D+","F ","F+","F ","F-","D ","C ","F-","A-","C-","C+","C-","D ","D ","B ","D ","C ","F ","F ","F ","F ","D ","C ","F ","F","F","51","56","0","0","0","0","0","0","0","0","0","0","0","0","0","0","0","0","0","0","0","0","0"
"354","","Royal","Hammers","Royal Hammers","71","165","26","10","7","1989","USDL","1","Maine","12","Maine","12","N/A","0","","0","False","5","4","Morgan State","Corvallis","OR","94","18","13","88","D+","C ","B+","D-","C ","D ","F-","F-","F-","D ","F ","F ","A+","F+","C ","C-","C ","C ","A ","D ","C ","D ","F ","F ","F ","D ","F ","F ","F","D","49","66","0","1","0","0","146152","160767","0","0","0","0","0","0","0","0","0","0","0","0","0","0","1"
"355","","Paul","Edwards","Paul Edwards","78","215","19","1","5","1997","USDL","1","Erie","7","Erie","7","N/A","0","","0","True","5","0","Saint Louis","Potts Camp","MS","61","8","24","34","F ","C-","A-","F-","F ","F ","F-","F-","F-","F-","F-","F-","B-","C ","B-","C-","F ","B ","A ","F ","F ","F ","F ","F ","F ","F ","F ","F ","F","F","33","47","0","0","0","0","7600","11100","0","0","0","0","0","0","0","0","0","0","0","0","0","0","0"
"356","","Nestor","Anderson","Nestor Anderson","83","219","20","5","30","1995","USDL","1","Draft","-2","Draft","-2","N/A","0","","0","False","1","0","Texas","Paris","TX","75","56","99","80","F-","F+","C+","F-","F ","F-","F-","D-","F+","F-","F-","F-","F+","C+","F+","C+","F ","D ","B ","F ","F ","F ","F ","D ","D ","F ","F ","F ","F","F","28","40","0","0","0","0","0","0","0","0","0","0","0","0","0","0","0","0","0","0","0","0","0"
"357","","Terrell","Rutherford","Terrell Rutherford","85","238","19","11","14","1996","USDL","1","Draft","-2","Draft","-2","N/A","0","","0","False","1","0","Wisconsin","Winston-Salem","NC","2","93","35","60","F-","F+","C ","F-","F-","F ","D ","F ","D ","F-","F ","F+","F-","C+","D-","C+","F ","D ","C ","F ","F ","F ","C ","D ","C ","F ","F ","C ","F","F","34","57","0","0","0","0","0","0","0","0","0","0","0","0","0","0","0","0","0","0","0","0","0"
"358","","Dag","Uysal","Dag Uysal","83","269","21","4","7","1995","USDL","1","Draft","-2","Draft","-2","N/A","0","","0","False","1","0","None","Istanbul","Turkey","49","32","65","62","F ","F ","C ","F-","F ","F-","F ","D+","C ","F ","D-","C ","D+","C+","B-","C ","F ","F ","C ","F ","F ","F ","F ","D ","C ","F ","F ","C ","F","F","51","57","0","0","0","0","0","0","0","0","0","0","0","0","0","0","0","0","0","0","0","0","0"
"359","","Thurman","Fisher","Thurman Fisher","87","217","20","1","26","1996","USDL","1","Draft","-2","Draft","-2","N/A","0","","0","False","1","0","Sam Houston State","Houston","TX","97","80","72","8","D ","F+","D ","F-","F ","F-","F+","F ","F+","F-","F-","F-","D ","B+","C ","C ","C ","D ","D ","F ","F ","F ","D ","F ","C ","F ","F ","F ","F","F","35","59","0","0","0","0","0","0","0","0","0","0","0","0","0","0","0","0","0","0","0","0","0"
"360","","Andrew","Rhodes","Andrew Rhodes","84","228","21","8","24","1994","USDL","1","Draft","-2","Draft","-2","N/A","0","","0","False","1","0","North Texas","Dallas","TX","33","53","6","39","F ","F ","C-","F-","D-","F ","F+","D-","F-","F-","F+","F-","D+","A ","C-","C ","F ","F ","C ","F ","D ","F ","D ","C ","F ","F ","D ","F ","F","F","35","49","0","0","0","0","0","0","0","0","0","0","0","0","0","0","0","0","0","0","0","0","0"
"361","","Jason","Phillips","Jason Phillips","83","245","20","4","14","1996","USDL","1","Draft","-2","Draft","-2","N/A","0","","0","False","1","0","Sam Houston State","Grand Prairie","TX","86","20","64","74","F-","F ","C ","F-","D ","F-","C-","F+","F ","D-","F-","F ","F-","C+","C ","C ","F ","D ","C ","F ","C ","F ","C ","D ","F ","D ","F ","F ","F","F","32","45","0","0","0","0","0","0","0","0","0","0","0","0","0","0","0","0","0","0","0","0","0"
"362","","Gonzalo","Cerezo","Gonzalo Cerezo","84","265","19","5","7","1996","USDL","1","Draft","-2","Draft","-2","N/A","0","","0","False","1","0","Miami","South Miami","FL","13","65","5","76","D-","D+","C+","F-","F+","F-","F+","C ","C ","D-","F+","D-","F-","C ","C-","D+","D ","D ","C ","F ","D ","F ","F ","C ","A ","F ","F ","D ","F","D","56","74","0","0","0","0","0","0","0","0","0","0","0","0","0","0","0","0","0","0","0","0","0"
"363","","Rolandas","Wenal","Rolandas Wenal","83","224","21","12","23","1994","USDL","1","Draft","-2","Draft","-2","N/A","0","","0","False","1","0","None","Vilnius","Lithuania","35","49","38","53","D+","D-","C ","F-","F+","F-","C-","D ","F+","F-","F ","D-","D-","C+","C-","D+","D ","D ","C ","F ","F ","F ","C ","D ","D ","F ","F ","D ","F","F","41","53","0","0","0","0","0","0","0","0","0","0","0","0","0","0","0","0","0","0","0","0","0"
"364","","Gregory","Valdovinos","Gregory Valdovinos","84","238","18","5","29","1997","USDL","1","Draft","-2","Draft","-2","N/A","0","","0","False","1","0","Wright State","Columbia","SC","12","62","67","50","F ","D-","C ","F-","F ","F-","F+","F ","F-","F ","F-","D ","D ","C ","D+","C ","D ","C ","C ","F ","F ","F ","D ","D ","F ","D ","F ","C ","F","F","26","49","0","0","0","0","0","0","0","0","0","0","0","0","0","0","0","0","0","0","0","0","0"
"365","","Roosevelt","Martinez","Roosevelt Martinez","84","225","21","6","11","1994","USDL","1","Draft","-2","Draft","-2","N/A","0","","0","False","1","0","Wofford","Springville","NY","6","20","47","37","F ","D-","C-","F-","F-","F ","F ","D ","F+","F ","F+","D+","F ","C ","D ","D ","F ","D ","D ","F ","F ","F ","F ","D ","F ","F ","F ","C ","F","F","32","39","0","0","0","0","0","0","0","0","0","0","0","0","0","0","0","0","0","0","0","0","0"
"366","","Fritz","Alderman","Fritz Alderman","83","226","21","4","16","1995","USDL","1","Draft","-2","Draft","-2","N/A","0","","0","False","1","0","Radford","East Brooklyn","CT","97","26","55","24","F-","F ","C-","F ","F+","F-","D ","F ","F+","F-","F-","F ","D ","C ","C ","D ","F ","F ","C ","F ","F ","F ","D ","F ","D ","F ","F ","F ","F","F","28","40","0","0","0","0","0","0","0","0","0","0","0","0","0","0","0","0","0","0","0","0","0"
"367","","Guy","Garcia","Guy Garcia","88","234","18","8","20","1997","USDL","1","Draft","-2","Draft","-2","N/A","0","","0","False","1","0","Syracuse","Lynnfield","MA","79","19","66","29","F-","D-","D ","F-","F ","F-","F ","F+","F+","F-","F-","F+","F ","C+","D-","C ","F ","C ","D ","F ","D ","F ","D ","D ","C ","F ","F ","D ","F","F","28","52","0","0","0","0","0","0","0","0","0","0","0","0","0","0","0","0","0","0","0","0","0"
"368","","Camilo","Siculo","Camilo Siculo","84","230","19","12","27","1996","USDL","1","Draft","-2","Draft","-2","N/A","0","","0","False","1","0","George Mason","Syracuse","NY","63","11","26","17","F+","C-","C ","F-","F+","F-","D+","F-","F+","F+","F+","C ","D ","B-","D ","C+","F ","D ","C ","F ","F ","F ","C ","F ","F ","F ","F ","C ","F","F","42","47","0","0","0","0","0","0","0","0","0","0","0","0","0","0","0","0","0","0","0","0","0"
"369","","Charles","Roberts","Charles Roberts","83","241","19","11","29","1996","USDL","1","Draft","-2","Draft","-2","N/A","0","","0","False","1","0","Pittsburgh","Papillion","NE","34","81","37","37","F ","C-","C+","F-","D-","F-","F-","D-","F ","F-","F-","C ","C ","A-","C ","A-","F ","C ","C ","F ","D ","F ","F ","D ","F ","F ","F ","B ","F","F","46","57","0","0","0","0","0","0","0","0","0","0","0","0","0","0","0","0","0","0","0","0","0"
"370","","Arnold","Moore","Arnold Moore","84","231","19","9","22","1996","USDL","1","Draft","-2","Draft","-2","N/A","0","","0","False","1","0","Wisconsin","Bella Vista","AR","27","52","35","40","F-","F+","C ","F-","F+","F-","F-","F-","F-","F ","F-","F ","F+","C+","C ","C ","F ","D ","C ","F ","D ","F ","F ","F ","F ","F ","F ","F ","F","F","26","33","0","0","0","0","0","0","0","0","0","0","0","0","0","0","0","0","0","0","0","0","0"
"371","","Carl","Cater","Carl Cater","80","220","20","12","22","1995","USDL","1","Draft","-2","Draft","-2","N/A","0","","0","False","2","0","Gardner Webb","Jackson","MS","85","30","88","22","F-","F+","C ","F-","C ","F+","D ","D-","D-","F+","F+","D+","D-","C ","C+","C ","F ","D ","C ","F ","C ","D ","D ","D ","D ","D ","D ","D ","F","F","34","43","0","0","0","0","0","0","0","0","0","0","0","0","0","0","0","0","0","0","0","0","0"
"372","","Javier","Scholz","Javier Scholz","83","224","20","4","20","1996","USDL","1","Draft","-2","Draft","-2","N/A","0","","0","False","2","0","Auburn","Town and Country","MO","39","87","69","96","F-","D+","C+","F-","D ","F+","D-","F ","F ","F-","F-","F-","F+","C+","C+","C-","F ","C ","B ","F ","C ","F ","D ","D ","F ","F ","F ","F ","F","F","27","38","0","0","0","0","0","0","0","0","0","0","0","0","0","0","0","0","0","0","0","0","0"
"373","","Charles","White","Charles White","82","240","21","1","17","1995","USDL","1","Draft","-2","Draft","-2","N/A","0","","0","False","2","0","Southern Utah","Paine Field-Lake Stickney","WA","20","17","28","38","D ","D-","C+","F-","D+","F+","F ","D+","F+","D-","F-","D-","F+","C-","C ","F+","C ","D ","C ","F ","D ","F ","F ","C ","F ","F ","F ","D ","F","F","34","45","0","0","0","0","0","0","0","0","0","0","0","0","0","0","0","0","0","0","0","0","0"
"374","","Gerardo","Baron","Gerardo Baron","81","227","21","11","13","1994","USDL","1","Draft","-2","Draft","-2","N/A","0","","0","False","2","0","Duke","Clarksville","TN","26","40","37","75","F ","D-","C ","F-","D ","D-","F-","F+","D+","F+","C ","D+","C-","B ","C ","B-","F ","D ","C ","F ","D ","D ","F ","F ","C ","F ","C ","D ","F","F","42","48","0","0","0","0","0","0","0","0","0","0","0","0","0","0","0","0","0","0","0","0","0"
"375","","Darnell","McClendon","Darnell McClendon","82","221","20","8","12","1995","USDL","1","Draft","-2","Draft","-2","N/A","0","","0","False","2","0","UNLV","Los Angeles","CA","17","11","35","23","D ","F+","C-","F-","D-","F ","D-","D+","F+","F-","F+","F-","C-","C ","C+","C ","D ","F ","C ","F ","D ","F ","D ","C ","D ","F ","F ","F ","F","F","40","55","0","0","0","0","0","0","0","0","0","0","0","0","0","0","0","0","0","0","0","0","0"
"376","","Jerry","Lindo","Jerry Lindo","80","221","20","11","5","1995","USDL","1","Draft","-2","Draft","-2","N/A","0","","0","False","2","0","Virginia Tech","Auburn","WA","13","57","17","19","F+","F ","C-","F-","F ","F-","F ","F+","D+","F-","F ","F+","D-","C ","C ","C-","D ","F ","D ","F ","F ","F ","F ","D ","C ","F ","F ","D ","F","F","29","44","0","0","0","0","0","0","0","0","0","0","0","0","0","0","0","0","0","0","0","0","0"
"377","","Tylenis","Jacobonis","Tylenis Jacobonis","82","212","20","7","5","1995","USDL","1","Draft","-2","Draft","-2","N/A","0","","0","False","2","0","None","Gargzdai","Lithuania","88","40","100","6","F ","F+","C ","F-","F-","F-","F+","C-","F ","F-","F+","F-","D-","B+","F+","C ","F ","D ","C ","F ","F ","F ","D ","B ","F ","F ","D ","F ","F","F","31","44","0","0","0","0","0","0","0","0","0","0","0","0","0","0","0","0","0","0","0","0","0"
"378","","Warner","Moody","Warner Moody","80","235","20","12","6","1995","USDL","1","Draft","-2","Draft","-2","N/A","0","","0","False","2","0","San Diego State","Los Angeles","CA","21","92","95","99","F-","F-","C-","F-","F-","F ","F ","F-","F+","F ","F ","F ","D ","C-","C ","B-","F ","F ","D ","F ","F ","F ","F ","F ","D ","F ","F ","D ","F","F","26","36","0","0","0","0","0","0","0","0","0","0","0","0","0","0","0","0","0","0","0","0","0"
"379","","Eric","Hall","Eric Hall","80","252","19","11","18","1996","USDL","1","Draft","-2","Draft","-2","N/A","0","","0","False","2","0","Tulane","Brookfield","IL","55","97","5","47","F ","C-","D+","F-","D+","D ","D ","F+","F ","F+","F-","F+","C ","C+","B ","C+","F ","C ","D ","F ","D ","D ","D ","F ","F ","F ","F ","D ","F","F","38","43","0","0","0","0","0","0","0","0","0","0","0","0","0","0","0","0","0","0","0","0","0"
"380","","Thomas","Williams","Thomas Williams","80","229","19","5","11","1996","USDL","1","Draft","-2","Draft","-2","N/A","0","","0","False","2","0","Oregon","Metzger","OR","27","66","70","68","F-","F ","C ","F-","F+","F+","F+","D ","F+","F ","F ","D ","D-","B+","D ","C ","F ","F ","C ","F ","D ","D ","D ","D ","D ","F ","F ","C ","F","F","32","42","0","0","0","0","0","0","0","0","0","0","0","0","0","0","0","0","0","0","0","0","0"
"381","","George","Munoz","George Munoz","84","233","17","7","23","1998","USDL","1","Draft","-2","Draft","-2","N/A","0","","0","False","2","0","None","Dallas","TX","30","89","26","61","C-","F+","C ","D ","D ","F-","D-","D-","C ","F-","D-","D ","C-","C ","C-","D ","C ","D ","C ","D ","D ","F ","D ","D ","B ","F ","D ","D ","F","D","54","77","0","0","0","0","0","0","0","0","0","0","0","0","0","0","0","0","0","0","0","0","0"
"382","","Tony","Thompson","Tony Thompson","79","206","21","10","19","1994","USDL","1","Draft","-2","Draft","-2","N/A","0","","0","False","2","0","Harvard","New York","NY","47","97","50","29","D ","F-","C-","F-","F+","F+","B ","C ","C ","F-","F+","D-","D+","C ","A-","C ","D ","F ","D ","F ","D ","F ","B ","C ","B ","F ","D ","D ","F","D","55","65","0","0","0","0","0","0","0","0","0","0","0","0","0","0","0","0","0","0","0","0","0"
"383","","Wilbur","Haugen","Wilbur Haugen","81","225","21","7","31","1994","USDL","1","Draft","-2","Draft","-2","N/A","0","","0","False","2","0","UC Riverside","San Diego","CA","66","66","96","61","F ","D-","C+","F-","F ","F-","C ","F+","F+","F-","F ","F+","F+","C ","C ","C-","F ","D ","B ","F ","F ","F ","C ","F ","D ","F ","F ","F ","F","F","32","37","0","0","0","0","0","0","0","0","0","0","0","0","0","0","0","0","0","0","0","0","0"
"384","","Leonard","Saville","Leonard Saville","79","254","18","3","19","1998","USDL","1","Draft","-2","Draft","-2","N/A","0","","0","False","2","0","None","Dearborn","MI","47","46","95","43","F ","F ","C ","F-","D-","F-","D+","F ","F+","F ","D-","F+","F+","C ","C+","D+","F ","F ","C ","F ","D ","F ","C ","D ","D ","F ","D ","D ","F","F","25","39","0","0","0","0","0","0","0","0","0","0","0","0","0","0","0","0","0","0","0","0","0"
"385","","Donnie","Binns","Donnie Binns","79","223","22","1","20","1994","USDL","1","Draft","-2","Draft","-2","N/A","0","","0","False","2","0","Washington","Paterson","NJ","91","71","38","95","F+","D ","C+","F+","F+","F-","C+","D-","C-","F-","D ","D-","D-","B-","D-","C-","F ","D ","C ","F ","F ","F ","B ","D ","C ","F ","D ","F ","F","F","41","48","0","0","0","0","0","0","0","0","0","0","0","0","0","0","0","0","0","0","0","0","0"
"386","","Broderick","Welton","Broderick Welton","78","183","19","12","3","1996","USDL","1","Draft","-2","Draft","-2","N/A","0","","0","False","3","0","UCLA","Oxnard","CA","30","22","31","58","F-","D ","C ","F-","F ","F ","F-","D ","F ","F-","F+","F ","D+","C ","C-","C+","F ","D ","C ","F ","D ","F ","F ","D ","F ","F ","D ","F ","F","F","28","36","0","0","0","0","0","0","0","0","0","0","0","0","0","0","0","0","0","0","0","0","0"
"387","","Mateo","Francisquito","Mateo Francisquito","77","230","18","8","20","1997","USDL","1","Draft","-2","Draft","-2","N/A","0","","0","False","3","0","Hofstra","Pelham","NY","74","47","16","75","D-","D+","C ","C-","D+","D ","F-","F ","D-","D-","D-","F+","C+","C+","B ","C+","D ","C ","C ","C ","C ","D ","F ","F ","D ","D ","D ","F ","F","D","52","67","0","0","0","0","0","0","0","0","0","0","0","0","0","0","0","0","0","0","0","0","0"
"388","","Garfield","Carter","Garfield Carter","79","234","20","7","7","1995","USDL","1","Draft","-2","Draft","-2","N/A","0","","0","False","3","0","New Mexico State","Denton","TX","74","62","39","94","D ","F ","C-","F+","D+","F+","F ","F ","C-","F+","F+","D-","C+","C+","C ","C-","D ","F ","C ","F ","C ","D ","F ","F ","C ","D ","D ","D ","F","F","40","57","0","0","0","0","0","0","0","0","0","0","0","0","0","0","0","0","0","0","0","0","0"
"389","","Jay","Scanlon","Jay Scanlon","81","229","20","10","11","1995","USDL","1","Draft","-2","Draft","-2","N/A","0","","0","False","3","0","Detroit","Mount Pleasant","MI","2","82","28","37","F ","D+","B+","F-","F ","F-","F ","F ","F ","F+","D-","F-","C ","C+","C ","C-","F ","C ","A ","F ","F ","F ","F ","F ","F ","D ","D ","F ","F","F","29","37","0","0","0","0","0","0","0","0","0","0","0","0","0","0","0","0","0","0","0","0","0"
"390","","Ferdinand","Carter","Ferdinand Carter","78","211","21","11","2","1994","USDL","1","Draft","-2","Draft","-2","N/A","0","","0","False","3","0","UNLV","Vallejo","CA","66","90","61","14","D-","D+","C+","F-","D ","F-","F ","F+","D+","F-","D ","F-","C ","C-","C ","C ","D ","D ","B ","F ","D ","F ","F ","D ","D ","F ","D ","F ","F","F","35","41","0","0","0","0","0","0","0","0","0","0","0","0","0","0","0","0","0","0","0","0","0"
"391","","Josip","Morovchek","Josip Morovchek","79","196","19","7","14","1996","USDL","1","Draft","-2","Draft","-2","N/A","0","","0","False","3","0","None","Zadar","Croatia","58","54","88","86","F ","D-","B-","F ","F ","F-","D ","F-","F ","D-","F+","F-","C ","B-","C ","C-","F ","C ","B ","D ","D ","F ","C ","F ","D ","D ","D ","F ","F","F","28","46","0","0","0","0","0","0","0","0","0","0","0","0","0","0","0","0","0","0","0","0","0"
"392","","Malcolm","King","Malcolm King","77","182","21","9","5","1994","USDL","1","Draft","-2","Draft","-2","N/A","0","","0","False","3","0","Holy Cross","Passaic","NJ","51","73","79","93","F+","C ","C ","D ","F+","F-","F ","D ","D-","F+","F ","F ","C ","B-","D+","C-","F ","C ","C ","D ","F ","F ","F ","D ","D ","F ","F ","F ","F","F","33","36","0","0","0","0","0","0","0","0","0","0","0","0","0","0","0","0","0","0","0","0","0"
"393","","Rickie","Adams","Rickie Adams","81","239","21","11","19","1994","USDL","1","Draft","-2","Draft","-2","N/A","0","","0","False","3","0","Cal State Fullerton","Hermiston","OR","55","66","6","16","F ","F ","C-","F+","F+","F-","F+","D-","D-","F-","F-","F ","C ","C ","C+","C+","F ","F ","C ","D ","D ","F ","D ","D ","D ","F ","F ","F ","F","F","36","45","0","0","0","0","0","0","0","0","0","0","0","0","0","0","0","0","0","0","0","0","0"
"394","","Mstislav","Bozicovich","Mstislav Bozicovich","80","228","22","3","24","1994","USDL","1","Draft","-2","Draft","-2","N/A","0","","0","False","3","0","None","Zagreb","Croatia","85","59","90","62","D+","C+","A ","C-","C ","F-","F-","F-","F-","F+","F+","F+","C ","C ","C ","C-","D ","B ","A ","B ","C ","F ","F ","F ","F ","F ","D ","D ","F","F","43","54","0","0","0","0","0","0","0","0","0","0","0","0","0","0","0","0","0","0","0","0","0"
"395","","Charles","Taylor","Charles Taylor","80","235","21","3","13","1995","USDL","1","Draft","-2","Draft","-2","N/A","0","","0","False","3","0","Georgia","New York","NY","74","27","75","63","F-","F+","C+","F+","F+","F ","F-","F ","F ","F+","F-","F+","C-","B ","C-","C-","F ","D ","B ","D ","D ","F ","F ","F ","F ","D ","F ","D ","F","F","29","41","0","0","0","0","0","0","0","0","0","0","0","0","0","0","0","0","0","0","0","0","0"
"396","","Cleveland","Chinn","Cleveland Chinn","83","205","19","11","14","1996","USDL","1","Draft","-2","Draft","-2","N/A","0","","0","False","3","0","Kansas","Florissant","MO","12","0","33","27","F-","F ","C ","F+","C-","F+","F ","F-","D-","F-","F+","F ","C ","C ","B ","D ","F ","F ","C ","C ","C ","D ","F ","F ","C ","F ","D ","F ","F","F","30","47","0","0","0","0","0","0","0","0","0","0","0","0","0","0","0","0","0","0","0","0","0"
"397","","J.C.","Adams","J.C. Adams","82","201","19","11","24","1996","USDL","1","Draft","-2","Draft","-2","N/A","0","","0","False","3","0","Santa Clara","South San Francisco","CA","14","4","28","85","F-","D-","C ","F ","D+","F ","F-","F+","D ","D-","C-","D-","C ","B-","A-","D+","F ","D ","C ","F ","C ","F ","F ","F ","D ","D ","C ","D ","F","F","37","48","0","0","0","0","0","0","0","0","0","0","0","0","0","0","0","0","0","0","0","0","0"
"398","","Clark","Stroup","Clark Stroup","80","215","20","2","24","1996","USDL","1","Draft","-2","Draft","-2","N/A","0","","0","False","3","0","Duke","Johnstown","PA","36","61","85","70","F-","F ","C ","D+","D-","F ","F+","F ","F+","D-","D ","F ","C+","C+","C ","C ","F ","F ","C ","D ","C ","F ","D ","F ","D ","D ","C ","F ","F","F","38","51","0","0","0","0","0","0","0","0","0","0","0","0","0","0","0","0","0","0","0","0","0"
"399","","Heath","Brown","Heath Brown","78","215","20","4","4","1996","USDL","1","Draft","-2","Draft","-2","N/A","0","","0","False","3","0","Boston University","Chicopee","MA","16","46","89","71","F-","D-","C ","D ","F ","F+","F-","D-","F ","F-","D-","F ","C ","C ","C ","C+","F ","D ","B ","C ","F ","F ","F ","D ","F ","F ","D ","F ","F","F","35","51","0","0","0","0","0","0","0","0","0","0","0","0","0","0","0","0","0","0","0","0","0"
"400","","Corey","Myers","Corey Myers","79","221","20","8","23","1995","USDL","1","Draft","-2","Draft","-2","N/A","0","","0","False","3","0","Savannah State","Seven Corners","VA","39","62","7","12","F+","D-","C ","F-","F ","D ","D ","D-","F ","F ","F ","F-","B-","C+","A ","C ","D ","D ","B ","F ","F ","C ","C ","D ","F ","D ","F ","F ","F","F","42","58","0","0","0","0","0","0","0","0","0","0","0","0","0","0","0","0","0","0","0","0","0"
"401","","Guiomar","Quirot","Guiomar Quirot","78","223","19","7","23","1996","USDL","1","Draft","-2","Draft","-2","N/A","0","","0","False","4","0","Kentucky","Middleton","WI","56","92","35","24","F ","D ","C ","F-","D ","F-","F ","F-","F ","F ","F+","F-","B+","B-","A ","D+","F ","C ","C ","F ","C ","F ","F ","F ","F ","F ","D ","F ","F","F","34","53","0","0","0","0","0","0","0","0","0","0","0","0","0","0","0","0","0","0","0","0","0"
"402","","Chris","Hernandez","Chris Hernandez","77","217","20","11","29","1995","USDL","1","Draft","-2","Draft","-2","N/A","0","","0","False","4","0","Duquesne","McDonald","OH","68","46","77","95","F+","D ","C+","C ","F ","F ","F ","F-","F-","D ","D ","F ","A ","C ","C+","B ","D ","C ","B ","B ","F ","D ","F ","F ","F ","C ","C ","F ","F","C","53","89","0","0","0","0","0","0","0","0","0","0","0","0","0","0","0","0","0","0","0","0","0"
"403","","Emory","Crutcher","Emory Crutcher","77","173","20","1","4","1996","USDL","1","Draft","-2","Draft","-2","N/A","0","","0","False","4","0","Arizona","New Kingman-Butler","AZ","11","98","58","49","D ","C ","B+","F+","D-","F-","F-","D-","F-","F ","F ","F+","B ","D-","A-","C-","C ","B ","A ","F ","F ","F ","F ","D ","F ","F ","F ","F ","F","D","43","62","0","0","0","0","0","0","0","0","0","0","0","0","0","0","0","0","0","0","0","0","0"
"404","","Henry","Jones","Henry Jones","73","190","21","11","15","1994","USDL","1","Draft","-2","Draft","-2","N/A","0","","0","False","4","0","Delaware State","Pike Creek","DE","76","47","31","75","F+","D-","C+","D ","D ","F ","F-","F-","F-","F+","F+","F-","B ","C ","C ","C-","F ","D ","C ","D ","D ","F ","F ","F ","F ","F ","F ","F ","F","F","27","34","0","0","0","0","0","0","0","0","0","0","0","0","0","0","0","0","0","0","0","0","0"
"405","","Isreal","Jackson","Isreal Jackson","78","217","20","1","29","1996","USDL","1","Draft","-2","Draft","-2","N/A","0","","0","False","4","0","Iowa State","Aiea","HI","81","4","46","15","F+","D ","C+","F ","C-","F ","F+","F ","F-","F+","F+","F-","C+","C-","B+","C ","F ","D ","C ","F ","D ","F ","F ","F ","F ","F ","F ","F ","F","F","34","38","0","0","0","0","0","0","0","0","0","0","0","0","0","0","0","0","0","0","0","0","0"
"406","","Gaston","Trusty","Gaston Trusty","80","173","21","6","30","1994","USDL","1","Draft","-2","Draft","-2","N/A","0","","0","False","4","0","Oregon State","Kent","WA","84","62","9","61","C ","D-","C ","F ","C+","F-","F-","F ","F+","B-","F-","F+","B-","B ","C ","C ","B ","F ","C ","F ","C ","F ","F ","F ","F ","B ","F ","F ","F","D","55","66","0","0","0","0","0","0","0","0","0","0","0","0","0","0","0","0","0","0","0","0","0"
"407","","Marco","Fastiggifazzi","Marco Fastiggifazzi","80","207","22","12","16","1993","USDL","1","Draft","-2","Draft","-2","N/A","0","","0","False","4","0","None","Trieste","Italy","18","53","85","57","F-","D+","B+","F+","F ","F-","F ","F ","F ","D+","F+","F-","A-","B-","C+","C ","F ","D ","B ","D ","F ","F ","F ","F ","F ","C ","F ","F ","F","D","47","62","0","0","0","0","0","0","0","0","0","0","0","0","0","0","0","0","0","0","0","0","0"
"408","","Gilbert","Fernandes","Gilbert Fernandes","74","198","21","12","22","1994","USDL","1","Draft","-2","Draft","-2","N/A","0","","0","False","4","0","Texas","Sonora","TX","48","95","79","46","F-","D ","C+","F+","D+","F-","C-","F+","F-","C-","D-","F ","C+","C ","B ","D-","F ","D ","C ","F ","D ","F ","D ","F ","F ","B ","D ","F ","F","F","27","35","0","0","0","0","0","0","0","0","0","0","0","0","0","0","0","0","0","0","0","0","0"
"409","","Ni","Kung","Ni Kung","75","199","21","4","9","1995","USDL","1","Draft","-2","Draft","-2","N/A","0","","0","False","4","0","None","Hengyang","China","3","70","72","82","F+","D+","B-","C-","D-","F-","F-","F-","F-","D-","F ","F-","C+","B-","C ","C ","F ","C ","B ","C ","C ","F ","F ","F ","F ","D ","F ","F ","F","F","36","50","0","0","0","0","0","0","0","0","0","0","0","0","0","0","0","0","0","0","0","0","0"
"410","","Doug","Lee","Doug Lee","76","184","18","4","26","1998","USDL","1","Draft","-2","Draft","-2","N/A","0","","0","False","4","0","None","Boston","MA","56","45","11","41","F ","C ","B ","F-","D-","F-","F-","F-","F-","D-","F ","F-","C+","C+","C ","D ","F ","A ","B ","F ","C ","F ","F ","F ","F ","C ","D ","F ","F","F","27","48","0","0","0","0","0","0","0","0","0","0","0","0","0","0","0","0","0","0","0","0","0"
"411","","Virgilio","Arruti","Virgilio Arruti","77","219","21","6","21","1994","USDL","1","Draft","-2","Draft","-2","N/A","0","","0","False","4","0","None","Aspe","Spain","81","14","56","80","F ","D-","C ","F-","F ","F ","F ","D-","F-","C-","D-","F-","B+","C ","B+","C-","F ","D ","C ","F ","F ","F ","F ","D ","F ","C ","D ","F ","F","F","36","44","0","0","0","0","0","0","0","0","0","0","0","0","0","0","0","0","0","0","0","0","0"
"412","","Arthur","Maurer","Arthur Maurer","77","194","21","1","14","1995","USDL","1","Draft","-2","Draft","-2","N/A","0","","0","False","4","0","North Carolina State","Raleigh","NC","64","49","87","7","F ","F+","C ","D-","F ","D ","F ","F ","F-","F ","F+","F ","C+","C ","C+","C ","F ","F ","C ","D ","F ","D ","F ","F ","F ","F ","F ","F ","F","F","28","33","0","0","0","0","0","0","0","0","0","0","0","0","0","0","0","0","0","0","0","0","0"
"413","","Vince","Williams","Vince Williams","78","187","21","8","12","1994","USDL","1","Draft","-2","Draft","-2","N/A","0","","0","False","4","0","Penn State","Florence","SC","94","77","41","26","D ","D ","B-","F ","C ","F ","F ","F-","F-","D ","D-","F ","B-","C-","B+","C ","D ","D ","B ","F ","B ","F ","F ","F ","F ","D ","D ","F ","F","F","41","46","0","0","0","0","0","0","0","0","0","0","0","0","0","0","0","0","0","0","0","0","0"
"414","","Gerald","Smith","Gerald Smith","79","175","21","8","3","1994","USDL","1","Draft","-2","Draft","-2","N/A","0","","0","False","4","0","Brigham Young","Lindon","UT","24","22","66","61","F+","C ","B+","F+","C-","F-","F ","F ","F ","F+","D-","F-","B ","C+","C ","C-","F ","C ","B ","F ","D ","F ","F ","F ","F ","F ","D ","F ","F","F","46","52","0","0","0","0","0","0","0","0","0","0","0","0","0","0","0","0","0","0","0","0","0"
"415","","Jacques","Hunter","Jacques Hunter","77","204","21","11","25","1994","USDL","1","Draft","-2","Draft","-2","N/A","0","","0","False","4","0","Wake Forest","New York","NY","26","67","68","94","F ","D-","B ","D-","C-","F+","F ","F ","F-","D-","F+","F ","A ","D+","A ","C+","F ","D ","B ","C ","B ","D ","F ","F ","F ","D ","D ","F ","F","D","43","71","0","0","0","0","0","0","0","0","0","0","0","0","0","0","0","0","0","0","0","0","0"
"416","","Emmitt","Franco","Emmitt Franco","76","152","22","2","20","1994","USDL","1","Draft","-2","Draft","-2","N/A","0","","0","False","5","0","George Mason","Bon Air","VA","71","42","33","38","D-","C-","A-","D-","F-","D-","F-","F+","F-","F ","D ","F-","A+","D+","C+","C ","D ","C ","A ","D ","F ","D ","F ","F ","F ","F ","D ","F ","F","D","44","65","0","0","0","0","0","0","0","0","0","0","0","0","0","0","0","0","0","0","0","0","0"
"417","","Wilson","White","Wilson White","75","152","21","9","25","1994","USDL","1","Draft","-2","Draft","-2","N/A","0","","0","False","5","0","Radford","Lenoir","NC","29","27","14","79","F+","D-","C ","F+","C ","F+","F ","F-","F ","D ","D ","F-","B ","F-","C+","C ","F ","D ","C ","F ","C ","D ","F ","F ","F ","D ","D ","F ","F","F","36","43","0","0","0","0","0","0","0","0","0","0","0","0","0","0","0","0","0","0","0","0","0"
"418","","Stephen","Palomino","Stephen Palomino","73","155","21","2","16","1995","USDL","1","Draft","-2","Draft","-2","N/A","0","","0","False","5","0","Missouri","Griffin","GA","36","98","70","85","D-","D-","C ","F-","B ","D-","F-","F ","F-","F+","D ","F-","A ","D+","B-","D ","D ","D ","C ","F ","B ","D ","F ","F ","F ","F ","D ","F ","F","F","41","47","0","0","0","0","0","0","0","0","0","0","0","0","0","0","0","0","0","0","0","0","0"
"419","","Daniel","Morris","Daniel Morris","72","200","22","3","14","1994","USDL","1","Draft","-2","Draft","-2","N/A","0","","0","False","5","0","San Diego State","Palm Springs","CA","77","38","10","100","F-","D-","C ","C ","C-","D ","F-","F-","F-","F+","F+","F-","A-","C ","B ","C ","F ","D ","C ","C ","D ","D ","F ","F ","F ","D ","F ","F ","F","F","42","48","0","0","0","0","0","0","0","0","0","0","0","0","0","0","0","0","0","0","0","0","0"
"420","","Mark","Kendall","Mark Kendall","74","161","21","9","1","1994","USDL","1","Draft","-2","Draft","-2","N/A","0","","0","False","5","0","Michigan State","Hazel Park","MI","91","85","11","4","F ","F+","C ","F-","D ","F ","F-","F ","F-","F+","D+","F-","A ","D+","A-","C-","F ","D ","C ","F ","C ","F ","F ","D ","F ","D ","C ","F ","F","F","30","50","0","0","0","0","0","0","0","0","0","0","0","0","0","0","0","0","0","0","0","0","0"
"421","","Emiliano","Ulloa","Emiliano Ulloa","76","218","22","2","11","1994","USDL","1","Draft","-2","Draft","-2","N/A","0","","0","False","5","0","VCU","Danville","VA","80","88","41","72","F ","F+","C-","F ","C ","F ","F-","F ","F-","C ","F ","F-","B+","F-","B+","D-","F ","F ","C ","F ","B ","F ","F ","F ","F ","C ","F ","F ","F","F","35","39","0","0","0","0","0","0","0","0","0","0","0","0","0","0","0","0","0","0","0","0","0"
"422","","Jerold","Richmond","Jerold Richmond","75","158","19","5","16","1996","USDL","1","Draft","-2","Draft","-2","N/A","0","","0","False","5","0","Northwestern","Shelby","MI","4","2","8","81","D-","C ","A-","F+","F ","F+","F-","F-","F ","F ","D ","F-","B+","C ","B ","C-","D ","B ","A ","F ","F ","D ","F ","F ","F ","F ","D ","F ","F","F","40","54","0","0","0","0","0","0","0","0","0","0","0","0","0","0","0","0","0","0","0","0","0"
"423","","William","Baer","William Baer","71","215","22","4","1","1994","USDL","1","Draft","-2","Draft","-2","N/A","0","","0","False","5","0","Texas A&M","Laplace","LA","39","79","6","98","F ","D+","C+","D-","F+","F+","F-","F-","F-","D+","F+","F-","B-","C ","C ","D+","F ","C ","C ","D ","F ","D ","F ","F ","F ","C ","D ","F ","F","F","30","42","0","0","0","0","0","0","0","0","0","0","0","0","0","0","0","0","0","0","0","0","0"
"424","","Brian","Heflin","Brian Heflin","72","169","20","11","5","1995","USDL","1","Draft","-2","Draft","-2","N/A","0","","0","False","5","0","Oregon","Dallas","OR","13","66","91","27","F ","F+","C ","D+","F+","F ","F-","D ","F ","D+","F+","D-","A ","C+","C ","C ","F ","F ","C ","C ","D ","F ","F ","D ","F ","D ","F ","D ","F","F","35","45","0","0","0","0","0","0","0","0","0","0","0","0","0","0","0","0","0","0","0","0","0"
"425","","Louis","Miller","Louis Miller","75","160","21","6","11","1994","USDL","1","Draft","-2","Draft","-2","N/A","0","","0","False","5","0","UAB","Berea","SC","82","26","86","30","F ","F ","C-","F-","D+","F ","F+","F+","F-","C ","C-","F-","B+","C ","B ","C-","F ","F ","C ","F ","C ","F ","F ","F ","F ","C ","D ","F ","F","F","32","39","0","0","0","0","0","0","0","0","0","0","0","0","0","0","0","0","0","0","0","0","0"
"426","","Ken","Colon","Ken Colon","73","157","20","8","16","1995","USDL","1","Draft","-2","Draft","-2","N/A","0","","0","False","5","0","Pittsburgh","Ironton","OH","68","32","98","73","D-","C-","B+","F ","F+","F+","F-","D-","F-","F-","F+","F-","A-","B-","C ","C ","D ","C ","B ","F ","D ","D ","F ","D ","F ","F ","F ","F ","F","F","32","44","0","0","0","0","0","0","0","0","0","0","0","0","0","0","0","0","0","0","0","0","0"
"427","","Conrado","Cruz","Conrado Cruz","71","190","22","3","2","1994","USDL","1","Draft","-2","Draft","-2","N/A","0","","0","False","5","0","Illinois","Lake Quivira","KS","60","45","17","19","F-","D-","C+","F ","D+","F ","F-","F ","F ","D ","C ","F ","A ","C ","A-","C-","F ","D ","C ","F ","D ","F ","F ","F ","F ","D ","C ","F ","F","F","37","44","0","0","0","0","0","0","0","0","0","0","0","0","0","0","0","0","0","0","0","0","0"
"428","","Michael","Carty","Michael Carty","76","191","21","8","16","1994","USDL","1","Draft","-2","Draft","-2","N/A","0","","0","False","5","0","Seton Hall","Cliffwood Beach","NJ","44","38","55","39","F ","D ","B-","F ","D-","D ","F-","D-","F-","F+","F ","F ","A-","C-","A ","C-","F ","C ","B ","D ","C ","D ","F ","D ","F ","D ","F ","F ","F","F","35","54","0","0","0","0","0","0","0","0","0","0","0","0","0","0","0","0","0","0","0","0","0"
"429","","Arthur","Ross","Arthur Ross","76","183","20","4","30","1995","USDL","1","Draft","-2","Draft","-2","N/A","0","","0","False","5","0","Stanford","Santa Monica","CA","17","87","43","70","D ","C-","B ","F ","D ","C ","F-","D-","F-","C-","F+","F-","A-","D-","C+","C-","C ","C ","B ","F ","D ","B ","F ","D ","F ","C ","F ","F ","F","D","50","70","0","0","0","0","0","0","0","0","0","0","0","0","0","0","0","0","0","0","0","0","0"
"430","","Clint","Vann","Clint Vann","75","170","20","2","11","1996","USDL","1","Draft","-2","Draft","-2","N/A","0","","0","False","5","0","UNLV","West University Place","TX","44","34","80","38","F-","F+","C ","F-","C-","F-","F-","F-","F-","F ","F+","F-","B+","C ","C ","D ","F ","D ","C ","F ","B ","F ","F ","F ","F ","F ","D ","F ","F","F","22","34","0","0","0","0","0","0","0","0","0","0","0","0","0","0","0","0","0","0","0","0","0"
